CustomerID,CustomerName,Email,Town,LoyaltyTier,JoinDate,Latitude,Longitude
CUST-0001,Zack Adhiambo,xvgvm@utic.net,Mombasa,Bronze,2021-05-16,-4.0435,39.6682
CUST-0002,Zack Owino,dzwsz@zuju.com,Nairobi,Gold,2022-08-16,-1.2921,36.8219
CUST-0003,Felix Mutua,nlrrp@vycg.com,Eldoret,,2023-03-14,0.5143,35.2698
CUST-0004,Cynthia Mwangi,woxfb@vxhk.com,Nakuru,Bronze,2023-05-09,-0.3031,36.08
CUST-0005,Queen Mutua,yhmcx@dlrt.net,Nakuru,Silver,2022-07-17,-0.3031,36.08
CUST-0006,Ursula Gitau,ktekc@mkya.co.ke,Kisumu,Silver,2021-04-05,-0.0917,34.7679
CUST-0007,Karen Odhiambo,lywcr@ozjk.com,Mombasa,Gold,2022-01-01,-4.0435,39.6682
CUST-0008,Aisha Kariuki,dwlrq@paug.com,Meru,,2022-01-21,0.0467,37.649
CUST-0009,Hassan Mutua,obtff@widx.com,Mombasa,,2022-07-13,-4.0435,39.6682
CUST-0010,James Otieno,wddge@raau.com,Garissa,,2022-06-27,-0.4532,42.48
CUST-0011,Zack Otieno,iebtn@tmun.com,Machakos,Gold,2023-06-30,-1.5177,37.2634
CUST-0012,Esther Kamau,nybuw@nlzb.co.ke,Nairobi,Gold,2021-01-24,-1.2921,36.8219
CUST-0013,Brian Otieno,krmxb@cpbh.co.ke,Nairobi,,2022-06-01,-1.2921,36.8219
CUST-0014,Patrick Gitau,oiznl@pcsw.co.ke,Mombasa,Silver,2020-09-12,-4.0435,39.6682
CUST-0015,Boniface Kariuki,tsflf@ilkc.co.ke,Nakuru,Silver,2021-12-09,-0.3031,36.08
CUST-0016,Cynthia Abubakar,rjdxb@vcct.net,Nakuru,Silver,2021-03-25,-0.3031,36.08
CUST-0017,Newton Adhiambo,opoid@jrtw.net,Meru,Bronze,2020-01-10,0.0467,37.649
CUST-0018,Ursula Gitau,zpjpf@rfcv.co.ke,Garissa,Bronze,2022-04-03,-0.4532,42.48
CUST-0019,Grace Owino,touvz@vpqa.net,Nairobi,Bronze,2022-03-08,-1.2921,36.8219
CUST-0020,Wanjiku Kipchoge,vgesi@iawo.co.ke,Meru,Silver,2023-06-19,0.0467,37.649
CUST-0021,Patrick Kipchoge,dqatf@kijs.net,Nakuru,,2023-06-28,-0.3031,36.08
CUST-0022,Hassan Waweru,ocbeq@rhrm.co.ke,Meru,Silver,2022-05-26,0.0467,37.649
CUST-0023,Ursula Owino,htclh@rmrb.co.ke,Machakos,Silver,2022-10-25,-1.5177,37.2634
CUST-0024,Amina Adhiambo,pahfd@giat.com,Nakuru,Bronze,2023-02-16,-0.3031,36.08
CUST-0025,Yvonne Mbugua,jsnvu@bwba.net,Nyeri,Bronze,2022-10-12,-0.4167,36.95
CUST-0026,Yvonne Adhiambo,woosk@caiu.co.ke,Garissa,,2021-01-08,-0.4532,42.48
CUST-0027,David Kariuki,vxcvg@pnki.co.ke,Eldoret,Silver,2022-12-24,0.5143,35.2698
CUST-0028,Newton Otieno,iencn@xjsv.net,Nairobi,Bronze,2020-05-25,-1.2921,36.8219
CUST-0029,Felix Kariuki,gdfpt@reum.net,Kisumu,Bronze,2020-08-11,-0.0917,34.7679
CUST-0030,Wanjiku Ndungu,tlyoq@qwqd.com,Machakos,Gold,2023-06-16,-1.5177,37.2634
CUST-0031,Olivia Kamau,lhhbn@ilbv.com,Thika,,2020-06-25,-1.0332,37.0693
CUST-0032,Raphael Otieno,wwpnm@ouxl.net,Eldoret,Silver,2022-05-02,0.5143,35.2698
CUST-0033,Dennis Mbugua,qimdb@cxis.co.ke,Kisumu,Gold,2023-07-29,-0.0917,34.7679
CUST-0034,David Abubakar,eglln@ejhk.co.ke,Nakuru,,2020-03-03,-0.3031,36.08
CUST-0035,Esther Kariuki,puqbc@rhsr.net,Thika,Gold,2023-05-25,-1.0332,37.0693
CUST-0036,Olivia Mutua,wipdj@zskp.net,Mombasa,,2022-04-06,-4.0435,39.6682
CUST-0037,Queen Ndungu,ijuvr@vtrn.co.ke,Mombasa,Bronze,2022-03-05,-4.0435,39.6682
CUST-0038,Thomas Njoroge,ljjef@ymfd.com,Machakos,Gold,2021-11-19,-1.5177,37.2634
CUST-0039,Yvonne Adhiambo,vcuvw@aitd.co.ke,Mombasa,,2020-04-14,-4.0435,39.6682
CUST-0040,Olivia Gitau,evuve@lkrg.co.ke,Thika,Bronze,2023-01-27,-1.0332,37.0693
CUST-0041,Aisha Owino,htlni@vmvj.net,Thika,Silver,2021-05-25,-1.0332,37.0693
CUST-0042,Caroline Ndungu,zmhjn@zvud.com,Garissa,Bronze,2021-01-19,-0.4532,42.48
CUST-0043,Newton Mbugua,qwocv@whth.net,Eldoret,Gold,2021-02-08,0.5143,35.2698
CUST-0044,Dennis Ndungu,dlyfl@jabn.com,Nairobi,,2022-04-02,-1.2921,36.8219
CUST-0045,Olivia Adhiambo,zjayv@qudh.net,Nyeri,Silver,2021-06-01,-0.4167,36.95
CUST-0046,Felix Owino,sdsla@cgvo.net,Meru,,2021-04-20,0.0467,37.649
CUST-0047,Boniface Abubakar,nchhb@kulc.net,Mombasa,Bronze,2021-12-09,-4.0435,39.6682
CUST-0048,Olivia Mwangi,pangd@lpgk.co.ke,Machakos,Bronze,2022-02-09,-1.5177,37.2634
CUST-0049,Yvonne Otieno,czbnn@zokm.co.ke,Mombasa,Bronze,2023-12-31,-4.0435,39.6682
CUST-0050,Aisha Mutua,zgaui@tqut.com,Meru,Silver,2022-11-12,0.0467,37.649
CUST-0051,Irene Kariuki,boveu@msqv.com,Eldoret,Gold,2022-09-23,0.5143,35.2698
CUST-0052,Yvonne Ndungu,ulhbf@bynz.co.ke,Garissa,,2021-11-07,-0.4532,42.48
CUST-0053,Patrick Mutua,gteju@widj.net,Thika,,2021-12-14,-1.0332,37.0693
CUST-0054,Hassan Mwangi,txkzm@mynu.net,Garissa,,2020-03-23,-0.4532,42.48
CUST-0055,Olivia Odhiambo,cpvoi@crhp.co.ke,Nakuru,Bronze,2023-03-14,-0.3031,36.08
CUST-0056,Wanjiku Mwangi,rjbwj@zhzy.com,Mombasa,,2023-01-13,-4.0435,39.6682
CUST-0057,Hassan Mwangi,qjury@dpua.com,Nairobi,Gold,2023-01-06,-1.2921,36.8219
CUST-0058,Karen Njoroge,ujjop@ryjt.co.ke,Nakuru,Silver,2021-04-01,-0.3031,36.08
CUST-0059,Caroline Ndungu,nkqgc@tmko.com,Eldoret,Gold,2020-01-01,0.5143,35.2698
CUST-0060,Cynthia Waweru,glzhx@mdwl.net,Mombasa,Bronze,2020-02-20,-4.0435,39.6682
CUST-0061,Esther Otieno,lcrvi@jbox.net,Nakuru,Bronze,2021-11-15,-0.3031,36.08
CUST-0062,Mary Owino,syqun@dfdu.com,Mombasa,Silver,2021-12-17,-4.0435,39.6682
CUST-0063,Esther Owino,ojuop@cizs.co.ke,Machakos,,2021-03-24,-1.5177,37.2634
CUST-0064,Grace Odhiambo,tvbzq@lriw.net,Eldoret,Bronze,2022-05-30,0.5143,35.2698
CUST-0065,Newton Kipchoge,qezlx@bdde.com,Nyeri,Silver,2021-05-02,-0.4167,36.95
CUST-0066,Karen Ndungu,siyxv@gqod.com,Thika,Bronze,2020-02-03,-1.0332,37.0693
CUST-0067,Olivia Kipchoge,nneye@rspv.co.ke,Kisumu,Silver,2023-10-03,-0.0917,34.7679
CUST-0068,Brian Otieno,vabqo@qtkq.co.ke,Thika,,2020-04-04,-1.0332,37.0693
CUST-0069,Aisha Kipchoge,qhymu@rhbb.co.ke,Thika,Gold,2022-12-31,-1.0332,37.0693
CUST-0070,Mary Adhiambo,mfpis@twzd.co.ke,Nakuru,Silver,2020-06-02,-0.3031,36.08
CUST-0071,Yvonne Gitau,oimgg@chjp.com,Eldoret,,2020-09-06,0.5143,35.2698
CUST-0072,Wanjiku Kamau,weipi@tmnm.com,Mombasa,Silver,2021-11-04,-4.0435,39.6682
CUST-0073,Boniface Adhiambo,aynzf@jbmw.co.ke,Garissa,Gold,2021-03-13,-0.4532,42.48
CUST-0074,Yvonne Gitau,mnwlw@stjk.co.ke,Kisumu,,2020-04-27,-0.0917,34.7679
CUST-0075,Mary Abubakar,fobnt@hzrd.net,Meru,,2022-02-09,0.0467,37.649
CUST-0076,Amina Njoroge,kuiyt@fnnb.com,Nakuru,,2023-08-22,-0.3031,36.08
CUST-0077,James Kariuki,imlpn@ipez.net,Kisumu,,2020-09-24,-0.0917,34.7679
CUST-0078,Mary Mbugua,hivns@hvjr.net,Nyeri,Gold,2022-12-13,-0.4167,36.95
CUST-0079,Caroline Mbugua,pusra@mzuu.co.ke,Machakos,Bronze,2020-08-23,-1.5177,37.2634
CUST-0080,Newton Ndungu,speqq@vdra.net,Eldoret,Silver,2021-01-23,0.5143,35.2698
CUST-0081,Xavier Owino,caidr@kuxw.net,Meru,,2022-09-16,0.0467,37.649
CUST-0082,Raphael Kariuki,bdfir@niex.co.ke,Nakuru,,2022-02-01,-0.3031,36.08
CUST-0083,Thomas Adhiambo,jusqs@pego.com,Thika,Bronze,2021-02-04,-1.0332,37.0693
CUST-0084,Hassan Abubakar,zhhfs@ijyu.com,Nairobi,Gold,2021-09-15,-1.2921,36.8219
CUST-0085,Hassan Mwangi,drjzv@yuhh.net,Nakuru,Bronze,2022-02-05,-0.3031,36.08
CUST-0086,Newton Abubakar,jlgmf@oysd.co.ke,Nairobi,Bronze,2023-08-19,-1.2921,36.8219
CUST-0087,Amina Kipchoge,pgrnq@bksc.net,Thika,,2022-07-07,-1.0332,37.0693
CUST-0088,Karen Mutua,aoyky@wmfz.com,Machakos,,2023-05-15,-1.5177,37.2634
CUST-0089,Victor Kariuki,qxcon@syxe.net,Eldoret,,2023-06-06,0.5143,35.2698
CUST-0090,Mary Owino,exzkm@yzyw.com,Mombasa,Bronze,2022-05-02,-4.0435,39.6682
CUST-0091,Felix Mbugua,oczhz@omyw.co.ke,Nakuru,Silver,2021-07-31,-0.3031,36.08
CUST-0092,Olivia Adhiambo,fcelg@etuo.net,Garissa,,2020-03-15,-0.4532,42.48
CUST-0093,Esther Gitau,ewxvn@cred.com,Thika,,2021-03-10,-1.0332,37.0693
CUST-0094,Raphael Kamau,gggty@hsaq.net,Nakuru,Bronze,2020-04-12,-0.3031,36.08
CUST-0095,Dennis Kipchoge,bdhkn@xsid.net,Nyeri,,2023-12-16,-0.4167,36.95
CUST-0096,Susan Gitau,hpfdd@tpko.co.ke,Machakos,Bronze,2022-02-02,-1.5177,37.2634
CUST-0097,Victor Kamau,nrfgt@wcls.com,Nyeri,Bronze,2022-01-07,-0.4167,36.95
CUST-0098,Cynthia Mutua,obono@dind.com,Kisumu,Bronze,2022-03-16,-0.0917,34.7679
CUST-0099,Newton Waweru,pcnvl@nlbm.net,Eldoret,Gold,2023-08-22,0.5143,35.2698
CUST-0100,Boniface Abubakar,skvtp@bibz.net,Kisumu,Silver,2020-04-07,-0.0917,34.7679
CUST-0101,Felix Kamau,byakt@tzqk.net,Nakuru,Gold,2022-03-08,-0.3031,36.08
CUST-0102,Irene Kipchoge,jwxjr@roqj.com,Meru,,2023-09-20,0.0467,37.649
CUST-0103,Karen Otieno,nnsfa@ahro.co.ke,Meru,Bronze,2022-05-08,0.0467,37.649
CUST-0104,Olivia Njoroge,vgjhy@scvk.net,Eldoret,Bronze,2021-03-10,0.5143,35.2698
CUST-0105,Karen Kariuki,wafca@psbt.co.ke,Garissa,,2021-03-22,-0.4532,42.48
CUST-0106,Caroline Kipchoge,gfwbn@hvti.co.ke,Machakos,Silver,2023-08-24,-1.5177,37.2634
CUST-0107,Irene Kariuki,rihdr@fhby.net,Garissa,Bronze,2020-09-05,-0.4532,42.48
CUST-0108,Aisha Kipchoge,xqlmz@yrui.co.ke,Machakos,,2020-06-14,-1.5177,37.2634
CUST-0109,Irene Mbugua,djtmw@hsux.co.ke,Thika,Silver,2022-09-10,-1.0332,37.0693
CUST-0110,Cynthia Abubakar,zodgf@qxwc.net,Nakuru,Gold,2023-09-20,-0.3031,36.08
CUST-0111,Amina Owino,egrpw@etso.co.ke,Kisumu,Silver,2022-10-16,-0.0917,34.7679
CUST-0112,Raphael Kamau,wiyay@zdzm.com,Meru,Silver,2021-06-25,0.0467,37.649
CUST-0113,Laban Otieno,pfxou@jnjg.co.ke,Nyeri,,2022-01-28,-0.4167,36.95
CUST-0114,Ursula Odhiambo,mczmv@xjko.com,Mombasa,,2023-02-03,-4.0435,39.6682
CUST-0115,Yvonne Mutua,dgypk@dijv.co.ke,Nairobi,,2020-03-21,-1.2921,36.8219
CUST-0116,Brian Kariuki,rrgvz@qmeu.com,Mombasa,,2020-05-12,-4.0435,39.6682
CUST-0117,Amina Otieno,smxoq@bawy.net,Kisumu,,2022-03-07,-0.0917,34.7679
CUST-0118,Grace Mbugua,tkvgs@anjq.net,Kisumu,Silver,2022-06-18,-0.0917,34.7679
CUST-0119,Amina Gitau,qmmao@anhz.com,Machakos,,2020-05-17,-1.5177,37.2634
CUST-0120,Esther Otieno,vruxc@cden.net,Garissa,Bronze,2020-07-02,-0.4532,42.48
CUST-0121,Esther Abubakar,gkjko@zfrw.co.ke,Mombasa,,2023-11-25,-4.0435,39.6682
CUST-0122,Victor Odhiambo,wtcjo@baem.co.ke,Machakos,,2023-09-15,-1.5177,37.2634
CUST-0123,Susan Otieno,uowcn@bfwx.co.ke,Machakos,Bronze,2022-02-23,-1.5177,37.2634
CUST-0124,Olivia Owino,bbyxo@ayiy.co.ke,Garissa,Silver,2022-09-10,-0.4532,42.48
CUST-0125,Irene Kariuki,tskce@gvkx.com,Nyeri,Silver,2020-03-09,-0.4167,36.95
CUST-0126,Laban Waweru,tdzsn@zblv.co.ke,Meru,Bronze,2021-06-29,0.0467,37.649
CUST-0127,Thomas Gitau,tykua@hzmj.net,Eldoret,,2020-02-22,0.5143,35.2698
CUST-0128,Xavier Owino,lrrcq@usce.net,Meru,,2020-07-23,0.0467,37.649
CUST-0129,David Kariuki,qtica@ijhd.com,Nairobi,Gold,2020-05-05,-1.2921,36.8219
CUST-0130,Aisha Waweru,lokaj@cpik.com,Mombasa,Bronze,2020-02-12,-4.0435,39.6682
CUST-0131,James Odhiambo,kcxxz@oejd.com,Meru,Bronze,2020-04-20,0.0467,37.649
CUST-0132,Susan Kamau,mblkm@bggq.co.ke,Eldoret,Silver,2022-01-30,0.5143,35.2698
CUST-0133,Dennis Mwangi,fchyi@quii.net,Thika,Silver,2023-04-21,-1.0332,37.0693
CUST-0134,Susan Mutua,wzdiy@fizz.com,Mombasa,Bronze,2022-04-27,-4.0435,39.6682
CUST-0135,Dennis Kipchoge,smogj@vkco.co.ke,Eldoret,,2020-04-04,0.5143,35.2698
CUST-0136,Mary Owino,oroym@slhs.net,Machakos,Bronze,2023-10-29,-1.5177,37.2634
CUST-0137,Grace Odhiambo,ukmqg@rsub.net,Kisumu,Bronze,2022-06-18,-0.0917,34.7679
CUST-0138,Susan Owino,mknxr@oujx.co.ke,Nyeri,,2020-12-25,-0.4167,36.95
CUST-0139,Aisha Mutua,qctrj@qbzr.co.ke,Nairobi,Bronze,2022-06-18,-1.2921,36.8219
CUST-0140,Hassan Odhiambo,tzlag@nnpo.co.ke,Eldoret,Gold,2020-10-07,0.5143,35.2698
CUST-0141,Wanjiku Kariuki,kupni@ackz.com,Meru,Gold,2023-05-03,0.0467,37.649
CUST-0142,James Mbugua,ydilf@mmls.com,Kisumu,Silver,2023-05-03,-0.0917,34.7679
CUST-0143,Victor Gitau,hvcwq@rezg.com,Meru,Bronze,2021-10-28,0.0467,37.649
CUST-0144,Zack Odhiambo,eoygk@eqla.co.ke,Mombasa,Bronze,2020-04-02,-4.0435,39.6682
CUST-0145,Zack Gitau,fpksf@tvbc.net,Eldoret,Silver,2021-11-02,0.5143,35.2698
CUST-0146,Zack Kamau,eilgw@nqpp.co.ke,Meru,Gold,2020-03-01,0.0467,37.649
CUST-0147,Laban Ndungu,jvqvs@hpcd.com,Garissa,,2021-09-25,-0.4532,42.48
CUST-0148,Newton Mutua,hesnk@djeq.net,Nakuru,Bronze,2022-12-10,-0.3031,36.08
CUST-0149,Laban Odhiambo,qzomd@ilbj.com,Kisumu,Gold,2023-11-27,-0.0917,34.7679
CUST-0150,Queen Mutua,dvznm@rkvm.com,Thika,Silver,2022-10-25,-1.0332,37.0693
CUST-0151,Karen Kamau,athhn@eltt.co.ke,Kisumu,,2021-08-26,-0.0917,34.7679
CUST-0152,Boniface Kipchoge,ccuvj@vbso.net,Meru,Silver,2021-11-12,0.0467,37.649
CUST-0153,Aisha Abubakar,cvthz@ljvl.net,Meru,Silver,2021-06-17,0.0467,37.649
CUST-0154,David Kipchoge,ugvpj@sqed.com,Nairobi,Bronze,2023-11-29,-1.2921,36.8219
CUST-0155,Laban Mutua,fbjho@ishg.net,Garissa,Silver,2022-04-17,-0.4532,42.48
CUST-0156,Caroline Mbugua,zrczu@xzwd.net,Thika,Silver,2021-10-06,-1.0332,37.0693
CUST-0157,Olivia Owino,gsvtr@mpgk.co.ke,Nyeri,,2020-08-20,-0.4167,36.95
CUST-0158,Esther Kipchoge,qwcnh@yjyi.com,Nairobi,,2021-06-07,-1.2921,36.8219
CUST-0159,Felix Owino,uttlr@jbnf.co.ke,Mombasa,Silver,2020-12-11,-4.0435,39.6682
CUST-0160,Queen Mutua,fgvip@omir.com,Thika,,2022-12-05,-1.0332,37.0693
CUST-0161,Irene Gitau,culdw@layf.net,Eldoret,Bronze,2021-06-29,0.5143,35.2698
CUST-0162,Zack Adhiambo,dqeyh@rgjx.com,Nakuru,,2023-01-06,-0.3031,36.08
CUST-0163,Raphael Kariuki,khsgr@samd.com,Nairobi,,2023-01-01,-1.2921,36.8219
CUST-0164,Patrick Abubakar,rasvz@kdbj.net,Nakuru,Bronze,2022-03-04,-0.3031,36.08
CUST-0165,Newton Mbugua,ciwdu@tdzd.co.ke,Garissa,Gold,2020-09-05,-0.4532,42.48
CUST-0166,Xavier Gitau,aqlsq@dkrw.com,Mombasa,,2020-02-16,-4.0435,39.6682
CUST-0167,Irene Njoroge,ctpjz@idhc.co.ke,Mombasa,Bronze,2023-02-18,-4.0435,39.6682
CUST-0168,Boniface Otieno,ppurw@rhnn.net,Nyeri,Silver,2020-08-01,-0.4167,36.95
CUST-0169,Aisha Adhiambo,hbxym@cmpn.net,Mombasa,Gold,2020-08-26,-4.0435,39.6682
CUST-0170,Cynthia Mwangi,zydwo@jrty.net,Meru,Bronze,2022-12-15,0.0467,37.649
CUST-0171,Caroline Abubakar,abgbb@unqn.co.ke,Kisumu,,2020-12-15,-0.0917,34.7679
CUST-0172,Hassan Kariuki,scnqh@infv.co.ke,Kisumu,Gold,2020-04-16,-0.0917,34.7679
CUST-0173,Olivia Gitau,kqvrb@sswb.com,Nyeri,Bronze,2022-04-10,-0.4167,36.95
CUST-0174,Thomas Mutua,llpit@tdss.com,Meru,Silver,2020-02-17,0.0467,37.649
CUST-0175,Mary Njoroge,ynuse@dugx.net,Kisumu,,2020-12-02,-0.0917,34.7679
CUST-0176,Amina Abubakar,auhbs@oclj.co.ke,Eldoret,Silver,2022-11-15,0.5143,35.2698
CUST-0177,Boniface Njoroge,ojgco@sfnb.net,Meru,,2022-03-14,0.0467,37.649
CUST-0178,Felix Abubakar,gmjdy@woxt.co.ke,Garissa,Bronze,2023-07-04,-0.4532,42.48
CUST-0179,Grace Njoroge,ikshc@jnxe.net,Machakos,,2020-01-08,-1.5177,37.2634
CUST-0180,Zack Mwangi,zybmh@vioa.com,Nakuru,Silver,2021-09-16,-0.3031,36.08
CUST-0181,Karen Mwangi,ohqmp@mufx.net,Meru,Bronze,2023-06-30,0.0467,37.649
CUST-0182,Caroline Gitau,gakgj@vwya.co.ke,Nakuru,Silver,2021-12-19,-0.3031,36.08
CUST-0183,Wanjiku Adhiambo,wscng@mbzs.com,Eldoret,,2020-10-29,0.5143,35.2698
CUST-0184,Irene Ndungu,xxnsj@zccd.net,Machakos,,2021-09-30,-1.5177,37.2634
CUST-0185,Amina Ndungu,bolzg@gius.net,Thika,Silver,2020-02-25,-1.0332,37.0693
CUST-0186,Grace Odhiambo,ihbfu@peem.co.ke,Nyeri,,2021-12-26,-0.4167,36.95
CUST-0187,Hassan Owino,nzfig@derv.net,Meru,,2021-06-09,0.0467,37.649
CUST-0188,Newton Abubakar,bvicg@jnrg.net,Nyeri,Bronze,2021-04-18,-0.4167,36.95
CUST-0189,Raphael Kariuki,akltg@muda.net,Mombasa,Bronze,2020-01-28,-4.0435,39.6682
CUST-0190,Hassan Owino,zdvjq@qpgv.com,Nakuru,Silver,2020-03-18,-0.3031,36.08
CUST-0191,Patrick Mutua,bxldx@vibl.com,Nakuru,Gold,2023-05-24,-0.3031,36.08
CUST-0192,Wanjiku Abubakar,ovkar@efeh.net,Mombasa,,2023-11-10,-4.0435,39.6682
CUST-0193,Olivia Kariuki,aqghk@obhd.com,Thika,,2020-12-30,-1.0332,37.0693
CUST-0194,Amina Odhiambo,xnquu@zujo.co.ke,Nairobi,,2021-10-27,-1.2921,36.8219
CUST-0195,James Otieno,xnkei@fxub.net,Garissa,Bronze,2021-06-09,-0.4532,42.48
CUST-0196,Mary Owino,ntzzc@rgvx.com,Meru,Bronze,2021-11-29,0.0467,37.649
CUST-0197,Hassan Mwangi,zfwuj@vvep.net,Nakuru,,2023-08-28,-0.3031,36.08
CUST-0198,Victor Gitau,sxasy@ooez.net,Garissa,,2022-06-01,-0.4532,42.48
CUST-0199,Laban Abubakar,mimcg@fnax.com,Nakuru,,2022-10-27,-0.3031,36.08
CUST-0200,Raphael Ndungu,dsxvi@apxu.net,Nairobi,,2022-10-23,-1.2921,36.8219
CUST-0201,Laban Kipchoge,wyjyk@chde.net,Mombasa,,2022-07-07,-4.0435,39.6682
CUST-0202,Xavier Ndungu,uyqez@syuf.co.ke,Nairobi,Gold,2022-01-19,-1.2921,36.8219
CUST-0203,Karen Njoroge,ehrds@yykz.net,Nakuru,Silver,2020-12-28,-0.3031,36.08
CUST-0204,Wanjiku Abubakar,apxzf@oydt.com,Mombasa,,2023-07-21,-4.0435,39.6682
CUST-0205,Irene Mwangi,zexcs@qxlg.com,Nairobi,,2022-03-16,-1.2921,36.8219
CUST-0206,Irene Otieno,bgcak@tzwm.co.ke,Thika,Gold,2022-01-08,-1.0332,37.0693
CUST-0207,David Owino,ocmwq@rebv.com,Mombasa,Silver,2022-11-04,-4.0435,39.6682
CUST-0208,Grace Njoroge,iybej@toxc.co.ke,Meru,,2023-04-30,0.0467,37.649
CUST-0209,David Owino,pmaye@xecf.com,Nakuru,Gold,2021-04-29,-0.3031,36.08
CUST-0210,Raphael Kariuki,sssgh@gbov.com,Eldoret,Silver,2020-01-28,0.5143,35.2698
CUST-0211,Wanjiku Waweru,jlhrp@faeh.com,Nyeri,Bronze,2021-12-14,-0.4167,36.95
CUST-0212,Grace Otieno,vikmr@coex.co.ke,Nakuru,,2022-11-28,-0.3031,36.08
CUST-0213,Xavier Abubakar,lgmfg@btrc.co.ke,Meru,,2023-07-20,0.0467,37.649
CUST-0214,Irene Owino,ozpov@vknw.co.ke,Kisumu,Silver,2023-06-08,-0.0917,34.7679
CUST-0215,Susan Kariuki,wmcxs@nxur.co.ke,Garissa,,2020-03-26,-0.4532,42.48
CUST-0216,Queen Gitau,dtezz@vdlz.co.ke,Garissa,Silver,2020-05-05,-0.4532,42.48
CUST-0217,James Odhiambo,zqvgx@xbkk.com,Nyeri,Bronze,2022-03-22,-0.4167,36.95
CUST-0218,Aisha Otieno,hlwuq@nkkd.co.ke,Nakuru,,2021-06-20,-0.3031,36.08
CUST-0219,James Otieno,tyyoc@hnik.co.ke,Nyeri,,2020-05-24,-0.4167,36.95
CUST-0220,Laban Waweru,mpahd@psbx.com,Machakos,,2023-05-20,-1.5177,37.2634
CUST-0221,James Kamau,gtxxa@vhhm.net,Nakuru,,2020-01-25,-0.3031,36.08
CUST-0222,Wanjiku Ndungu,cwdzl@vhkq.com,Mombasa,Bronze,2023-11-18,-4.0435,39.6682
CUST-0223,Esther Mwangi,fvttw@vnei.co.ke,Mombasa,Gold,2020-03-07,-4.0435,39.6682
CUST-0224,Brian Kamau,dwwaf@vvgl.net,Machakos,Bronze,2020-08-20,-1.5177,37.2634
CUST-0225,Raphael Mwangi,shvnq@dajp.com,Thika,Silver,2020-04-18,-1.0332,37.0693
CUST-0226,Wanjiku Waweru,wpjex@trhk.com,Machakos,Silver,2023-03-15,-1.5177,37.2634
CUST-0227,Ursula Mbugua,ozwqr@gkau.net,Machakos,Gold,2020-04-20,-1.5177,37.2634
CUST-0228,Yvonne Abubakar,axqpa@guhz.co.ke,Nyeri,Bronze,2020-08-15,-0.4167,36.95
CUST-0229,David Mbugua,ljjgm@rvkc.co.ke,Nairobi,,2020-04-20,-1.2921,36.8219
CUST-0230,Amina Gitau,rvjqp@hcbz.co.ke,Mombasa,,2020-02-03,-4.0435,39.6682
CUST-0231,James Abubakar,wgsxh@dtxu.net,Nairobi,,2021-09-14,-1.2921,36.8219
CUST-0232,Patrick Abubakar,prrsr@zgkk.com,Machakos,Bronze,2023-10-24,-1.5177,37.2634
CUST-0233,Karen Waweru,soesf@nuxr.co.ke,Thika,Bronze,2022-01-17,-1.0332,37.0693
CUST-0234,Brian Mwangi,vvwec@dgvt.com,Mombasa,Bronze,2021-08-17,-4.0435,39.6682
CUST-0235,Boniface Abubakar,ricjt@huig.com,Nakuru,Silver,2021-02-28,-0.3031,36.08
CUST-0236,David Mbugua,wmwpy@bxnw.co.ke,Nakuru,,2021-09-04,-0.3031,36.08
CUST-0237,Cynthia Kipchoge,hbwdf@koxl.com,Nakuru,Silver,2021-11-22,-0.3031,36.08
CUST-0238,Patrick Odhiambo,sumqe@qaht.com,Meru,Gold,2023-07-29,0.0467,37.649
CUST-0239,Susan Mutua,tmtcp@qkzj.com,Nyeri,,2023-09-05,-0.4167,36.95
CUST-0240,Victor Kamau,fjaiv@erqg.net,Kisumu,Silver,2020-11-10,-0.0917,34.7679
CUST-0241,Esther Waweru,idjpe@vhhs.co.ke,Machakos,,2022-05-26,-1.5177,37.2634
CUST-0242,Zack Gitau,ixzix@jeyx.co.ke,Kisumu,Gold,2023-11-01,-0.0917,34.7679
CUST-0243,James Odhiambo,fsdtp@ejqa.net,Eldoret,,2023-08-05,0.5143,35.2698
CUST-0244,Hassan Odhiambo,gnbzr@qark.co.ke,Nyeri,Bronze,2023-12-31,-0.4167,36.95
CUST-0245,Raphael Kariuki,omdsq@hrrh.co.ke,Nakuru,Gold,2021-10-23,-0.3031,36.08
CUST-0246,Newton Gitau,dvcsd@ccff.com,Mombasa,,2020-10-03,-4.0435,39.6682
CUST-0247,Thomas Kariuki,nfshb@mfyi.com,Nyeri,Bronze,2021-09-15,-0.4167,36.95
CUST-0248,Thomas Otieno,rxvrd@cnsc.com,Meru,Gold,2021-05-30,0.0467,37.649
CUST-0249,Yvonne Ndungu,gzhmc@ebhu.com,Mombasa,Gold,2023-10-05,-4.0435,39.6682
CUST-0250,Mary Abubakar,tctbw@rejl.co.ke,Nairobi,,2022-04-22,-1.2921,36.8219
CUST-0251,Dennis Abubakar,wcvek@zhkw.net,Meru,Silver,2020-12-15,0.0467,37.649
CUST-0252,James Mbugua,qucsb@yekp.net,Nairobi,Bronze,2022-04-02,-1.2921,36.8219
CUST-0253,Susan Kipchoge,rejja@rvzd.net,Mombasa,,2023-03-06,-4.0435,39.6682
CUST-0254,James Gitau,ckbgi@srto.co.ke,Nakuru,Bronze,2022-01-28,-0.3031,36.08
CUST-0255,Thomas Kamau,zrins@crgi.net,Kisumu,Silver,2022-06-17,-0.0917,34.7679
CUST-0256,Thomas Owino,kvozb@qeww.net,Machakos,Bronze,2020-08-30,-1.5177,37.2634
CUST-0257,David Kariuki,bmgzb@fqkg.co.ke,Nyeri,,2021-06-26,-0.4167,36.95
CUST-0258,Grace Mutua,ulwld@mqck.co.ke,Nyeri,,2022-11-29,-0.4167,36.95
CUST-0259,Grace Mwangi,acpqh@nfry.co.ke,Nakuru,Bronze,2020-08-16,-0.3031,36.08
CUST-0260,Victor Odhiambo,bfloq@mrsc.net,Machakos,Gold,2021-07-01,-1.5177,37.2634
CUST-0261,Felix Otieno,fivzh@nsbe.com,Nairobi,,2022-07-08,-1.2921,36.8219
CUST-0262,Felix Ndungu,sscpe@yklu.net,Kisumu,Silver,2023-05-31,-0.0917,34.7679
CUST-0263,Cynthia Waweru,ckyvp@ulry.com,Machakos,Silver,2020-01-06,-1.5177,37.2634
CUST-0264,Amina Kipchoge,mnbyv@mnxe.co.ke,Nairobi,Bronze,2023-09-07,-1.2921,36.8219
CUST-0265,Olivia Owino,sdkpw@nkzx.net,Machakos,,2021-04-12,-1.5177,37.2634
CUST-0266,Thomas Abubakar,hzzld@ksth.net,Eldoret,,2020-03-15,0.5143,35.2698
CUST-0267,James Kamau,wsyqf@qhir.net,Nyeri,,2020-01-04,-0.4167,36.95
CUST-0268,Hassan Mwangi,qynsi@djmo.net,Eldoret,,2021-10-07,0.5143,35.2698
CUST-0269,Wanjiku Mwangi,ktvhw@vnad.net,Machakos,Bronze,2020-04-27,-1.5177,37.2634
CUST-0270,Wanjiku Mbugua,ftehg@vrht.com,Meru,Silver,2022-05-30,0.0467,37.649
CUST-0271,Olivia Odhiambo,vcwtw@togu.net,Nyeri,,2021-05-18,-0.4167,36.95
CUST-0272,Victor Otieno,hryky@zioa.com,Kisumu,,2022-08-04,-0.0917,34.7679
CUST-0273,Dennis Mwangi,quwvx@sqto.co.ke,Nakuru,,2021-07-27,-0.3031,36.08
CUST-0274,Zack Kariuki,uzher@eenj.co.ke,Eldoret,,2020-07-12,0.5143,35.2698
CUST-0275,Ursula Gitau,odpgi@sedi.com,Nakuru,Bronze,2022-04-26,-0.3031,36.08
CUST-0276,Victor Kariuki,yqrmo@juif.com,Nairobi,Bronze,2021-12-15,-1.2921,36.8219
CUST-0277,Dennis Otieno,bnknc@ffij.com,Garissa,,2023-11-16,-0.4532,42.48
CUST-0278,Newton Odhiambo,tnzvz@arlx.co.ke,Meru,,2022-11-15,0.0467,37.649
CUST-0279,Raphael Otieno,qyrix@ykoh.net,Nairobi,,2023-12-29,-1.2921,36.8219
CUST-0280,Ursula Waweru,vjulb@xfny.com,Thika,,2020-06-21,-1.0332,37.0693
CUST-0281,Dennis Mwangi,ynabr@uwlc.co.ke,Nairobi,,2023-08-16,-1.2921,36.8219
CUST-0282,Aisha Waweru,szuqy@tdli.com,Nairobi,Bronze,2020-11-21,-1.2921,36.8219
CUST-0283,Cynthia Kamau,buoof@gkql.com,Garissa,Bronze,2023-12-04,-0.4532,42.48
CUST-0284,Felix Kariuki,rnqqt@psby.com,Nyeri,Gold,2023-02-15,-0.4167,36.95
CUST-0285,James Gitau,uhctl@krmn.com,Meru,Bronze,2022-04-15,0.0467,37.649
CUST-0286,Xavier Mbugua,kuoyd@rxus.co.ke,Meru,Gold,2021-12-24,0.0467,37.649
CUST-0287,Susan Adhiambo,yooda@pnyh.net,Kisumu,Bronze,2020-08-12,-0.0917,34.7679
CUST-0288,James Abubakar,xikqn@efvf.com,Nairobi,Bronze,2021-06-15,-1.2921,36.8219
CUST-0289,David Abubakar,uwwyz@lohb.com,Meru,Silver,2020-04-22,0.0467,37.649
CUST-0290,Wanjiku Mwangi,smidr@cqxi.co.ke,Mombasa,Bronze,2020-05-19,-4.0435,39.6682
CUST-0291,Wanjiku Kipchoge,qhpoj@ilag.com,Kisumu,Gold,2021-07-12,-0.0917,34.7679
CUST-0292,Irene Ndungu,tlvdt@wmjh.co.ke,Mombasa,Gold,2020-01-01,-4.0435,39.6682
CUST-0293,Raphael Abubakar,epvwd@ogxb.com,Garissa,,2020-03-30,-0.4532,42.48
CUST-0294,Olivia Odhiambo,anapk@pxoo.net,Mombasa,Bronze,2021-10-15,-4.0435,39.6682
CUST-0295,Thomas Kamau,mujfu@thmn.co.ke,Nakuru,Silver,2020-11-15,-0.3031,36.08
CUST-0296,Caroline Kipchoge,nrwup@enle.net,Machakos,Bronze,2020-05-18,-1.5177,37.2634
CUST-0297,Xavier Njoroge,rztmj@fmbj.com,Mombasa,,2022-04-24,-4.0435,39.6682
CUST-0298,Thomas Mwangi,fxjml@bzis.co.ke,Garissa,Silver,2020-09-15,-0.4532,42.48
CUST-0299,Amina Odhiambo,vvgoe@qjqv.co.ke,Nakuru,,2022-06-20,-0.3031,36.08
CUST-0300,Hassan Mutua,jxnjw@mmpn.com,Garissa,Gold,2021-11-20,-0.4532,42.48
CUST-0301,Aisha Mbugua,ecqfe@jsdf.net,Garissa,Gold,2020-01-10,-0.4532,42.48
CUST-0302,Susan Gitau,smmfe@vabo.com,Nairobi,Bronze,2020-09-17,-1.2921,36.8219
CUST-0303,Amina Kariuki,qbobg@eypo.com,Garissa,Bronze,2020-06-20,-0.4532,42.48
CUST-0304,Victor Mbugua,srhcl@zwev.co.ke,Mombasa,,2022-06-16,-4.0435,39.6682
CUST-0305,Irene Gitau,uverg@silp.com,Machakos,,2020-01-13,-1.5177,37.2634
CUST-0306,Brian Kariuki,kcfwn@kdcm.co.ke,Garissa,Gold,2023-04-06,-0.4532,42.48
CUST-0307,Yvonne Waweru,bundm@dpvx.net,Garissa,Bronze,2020-11-16,-0.4532,42.48
CUST-0308,Patrick Ndungu,qnjbn@fuuj.co.ke,Meru,Bronze,2023-09-04,0.0467,37.649
CUST-0309,Ursula Abubakar,ttscd@mgwh.net,Thika,,2020-11-24,-1.0332,37.0693
CUST-0310,Dennis Mwangi,kesup@darr.com,Eldoret,Silver,2022-02-23,0.5143,35.2698
CUST-0311,Felix Gitau,jeqgw@ljhr.net,Nakuru,Bronze,2022-02-15,-0.3031,36.08
CUST-0312,Newton Mutua,kumjo@ghis.net,Thika,Gold,2022-06-29,-1.0332,37.0693
CUST-0313,Aisha Abubakar,wrtls@efki.co.ke,Nakuru,Gold,2023-12-13,-0.3031,36.08
CUST-0314,Cynthia Abubakar,sseza@cdyl.com,Eldoret,Gold,2023-01-23,0.5143,35.2698
CUST-0315,Laban Kipchoge,fcajz@pnsp.net,Machakos,,2020-11-13,-1.5177,37.2634
CUST-0316,Karen Njoroge,vqlfr@uhap.co.ke,Kisumu,,2020-08-23,-0.0917,34.7679
CUST-0317,Victor Odhiambo,geaga@ezuj.co.ke,Eldoret,Bronze,2020-11-29,0.5143,35.2698
CUST-0318,Boniface Waweru,pntbc@hvxj.net,Nyeri,Silver,2021-01-10,-0.4167,36.95
CUST-0319,Karen Kipchoge,hpfyo@gkcb.com,Thika,Silver,2023-03-06,-1.0332,37.0693
CUST-0320,Wanjiku Abubakar,yuywv@oszo.net,Mombasa,Silver,2021-08-10,-4.0435,39.6682
CUST-0321,James Mutua,tyllp@adbq.net,Nairobi,Bronze,2021-05-27,-1.2921,36.8219
CUST-0322,Mary Mbugua,rfiyn@avgc.net,Nyeri,,2023-08-12,-0.4167,36.95
CUST-0323,Yvonne Ndungu,vbymj@xgyr.net,Garissa,,2023-09-05,-0.4532,42.48
CUST-0324,Brian Abubakar,mftwf@fgqe.com,Garissa,Silver,2022-07-06,-0.4532,42.48
CUST-0325,Cynthia Njoroge,xrrpt@obmq.co.ke,Mombasa,Gold,2023-10-04,-4.0435,39.6682
CUST-0326,Irene Njoroge,zxwmz@xhfo.com,Mombasa,,2022-05-22,-4.0435,39.6682
CUST-0327,David Kariuki,umonk@rezs.co.ke,Meru,Bronze,2023-06-06,0.0467,37.649
CUST-0328,Mary Mbugua,rafpi@pgog.co.ke,Nakuru,,2020-09-26,-0.3031,36.08
CUST-0329,Queen Mbugua,pjmfs@jwhe.com,Meru,Bronze,2022-03-08,0.0467,37.649
CUST-0330,Amina Mutua,ofchg@ljdy.com,Eldoret,Silver,2023-08-07,0.5143,35.2698
CUST-0331,Boniface Ndungu,uemzw@nsuh.co.ke,Kisumu,Bronze,2021-12-25,-0.0917,34.7679
CUST-0332,Olivia Kipchoge,okrbv@mqli.co.ke,Thika,,2023-04-03,-1.0332,37.0693
CUST-0333,Brian Otieno,oygad@wzfo.co.ke,Mombasa,Gold,2020-01-05,-4.0435,39.6682
CUST-0334,Queen Njoroge,eujrm@txjh.co.ke,Nakuru,Silver,2022-04-30,-0.3031,36.08
CUST-0335,Thomas Kariuki,deviq@owbe.com,Thika,Gold,2023-11-03,-1.0332,37.0693
CUST-0336,Patrick Mutua,ihgqh@lwjp.net,Eldoret,Gold,2020-03-18,0.5143,35.2698
CUST-0337,Olivia Kariuki,keasr@ysce.com,Kisumu,,2023-12-04,-0.0917,34.7679
CUST-0338,Brian Otieno,bwoak@tcge.co.ke,Nyeri,,2021-07-27,-0.4167,36.95
CUST-0339,Irene Ndungu,xighq@dvar.net,Meru,Bronze,2020-05-11,0.0467,37.649
CUST-0340,Esther Adhiambo,imzoh@lzse.co.ke,Eldoret,Gold,2021-08-23,0.5143,35.2698
CUST-0341,James Abubakar,qqonq@ijou.co.ke,Garissa,Bronze,2022-12-01,-0.4532,42.48
CUST-0342,Caroline Owino,jghav@wima.net,Meru,Bronze,2020-03-29,0.0467,37.649
CUST-0343,Patrick Odhiambo,ymalh@gajk.co.ke,Nairobi,Silver,2021-02-05,-1.2921,36.8219
CUST-0344,Amina Mutua,ketkj@gkgt.net,Meru,Bronze,2020-10-22,0.0467,37.649
CUST-0345,Thomas Kariuki,urhtv@kweh.co.ke,Eldoret,Bronze,2023-08-11,0.5143,35.2698
CUST-0346,Hassan Owino,qhqea@bnec.com,Mombasa,,2021-09-07,-4.0435,39.6682
CUST-0347,Felix Mwangi,ssgdm@iiuz.co.ke,Kisumu,,2022-03-10,-0.0917,34.7679
CUST-0348,Raphael Kamau,uivyb@ubme.net,Eldoret,Gold,2021-02-25,0.5143,35.2698
CUST-0349,Raphael Kipchoge,vvdtg@ulta.co.ke,Mombasa,Bronze,2022-11-12,-4.0435,39.6682
CUST-0350,Cynthia Otieno,unzmr@iiqb.net,Mombasa,,2021-07-28,-4.0435,39.6682
CUST-0351,Aisha Adhiambo,ngqfx@wfcq.com,Meru,Bronze,2020-05-22,0.0467,37.649
CUST-0352,David Abubakar,ehdua@bump.co.ke,Kisumu,,2022-09-19,-0.0917,34.7679
CUST-0353,David Mutua,cecqy@zqbq.net,Eldoret,,2021-10-26,0.5143,35.2698
CUST-0354,Aisha Waweru,udgzu@tulf.net,Eldoret,Silver,2020-05-24,0.5143,35.2698
CUST-0355,Patrick Adhiambo,jdxml@hsee.co.ke,Garissa,Gold,2023-06-02,-0.4532,42.48
CUST-0356,Wanjiku Mwangi,thvxo@behg.co.ke,Nakuru,,2022-10-03,-0.3031,36.08
CUST-0357,Queen Owino,aqjea@wugs.co.ke,Thika,Gold,2021-05-17,-1.0332,37.0693
CUST-0358,Irene Kipchoge,oknmo@piqc.co.ke,Nakuru,Bronze,2022-03-31,-0.3031,36.08
CUST-0359,Aisha Abubakar,bvdwf@mcov.co.ke,Eldoret,,2020-04-13,0.5143,35.2698
CUST-0360,Patrick Otieno,nsgjp@byfm.net,Meru,Bronze,2022-11-28,0.0467,37.649
CUST-0361,Olivia Ndungu,cuboy@kjsv.com,Nyeri,Bronze,2020-07-16,-0.4167,36.95
CUST-0362,Esther Kipchoge,bbhyy@csne.co.ke,Eldoret,,2021-08-01,0.5143,35.2698
CUST-0363,Grace Adhiambo,gqetk@cqjl.co.ke,Nairobi,Bronze,2021-01-25,-1.2921,36.8219
CUST-0364,Thomas Ndungu,weeki@ezlj.com,Mombasa,Bronze,2023-04-17,-4.0435,39.6682
CUST-0365,Xavier Adhiambo,zijtl@spof.net,Machakos,,2021-07-07,-1.5177,37.2634
CUST-0366,Esther Mbugua,ygzlk@szpn.net,Eldoret,Bronze,2022-11-04,0.5143,35.2698
CUST-0367,Cynthia Mwangi,hhfwa@vrho.co.ke,Nairobi,Gold,2023-08-05,-1.2921,36.8219
CUST-0368,Yvonne Kariuki,yeajd@jpgv.com,Nairobi,,2021-04-22,-1.2921,36.8219
CUST-0369,Boniface Kipchoge,kxtsu@evro.net,Thika,Silver,2023-06-08,-1.0332,37.0693
CUST-0370,Karen Adhiambo,phtoc@bujv.co.ke,Kisumu,Gold,2022-07-11,-0.0917,34.7679
CUST-0371,Zack Ndungu,wwfqp@aujh.com,Eldoret,Silver,2021-02-23,0.5143,35.2698
CUST-0372,Irene Mbugua,odnfb@tklp.co.ke,Kisumu,Gold,2020-06-05,-0.0917,34.7679
CUST-0373,Amina Mwangi,fhkdc@obkc.co.ke,Nyeri,Gold,2021-07-03,-0.4167,36.95
CUST-0374,Xavier Mwangi,uddom@qfqt.com,Meru,,2023-01-25,0.0467,37.649
CUST-0375,Aisha Gitau,buiyc@rlji.co.ke,Machakos,Gold,2022-10-17,-1.5177,37.2634
CUST-0376,Susan Mutua,ahzqz@ldbv.com,Meru,Bronze,2022-09-23,0.0467,37.649
CUST-0377,Patrick Mbugua,jtwcb@yywv.com,Nairobi,,2023-12-05,-1.2921,36.8219
CUST-0378,Esther Abubakar,sclaf@nfng.co.ke,Mombasa,Gold,2022-08-08,-4.0435,39.6682
CUST-0379,Raphael Abubakar,sdsap@rbeh.net,Mombasa,,2020-10-15,-4.0435,39.6682
CUST-0380,Laban Njoroge,qbrak@hwrw.com,Kisumu,Silver,2023-07-01,-0.0917,34.7679
CUST-0381,Raphael Kariuki,wqgjz@ciwn.com,Meru,Silver,2020-07-14,0.0467,37.649
CUST-0382,Raphael Kipchoge,nlyag@nike.co.ke,Nairobi,,2021-08-20,-1.2921,36.8219
CUST-0383,Olivia Adhiambo,jqgzn@vqwx.net,Thika,,2021-05-31,-1.0332,37.0693
CUST-0384,Karen Mbugua,aohdx@rcjy.co.ke,Garissa,,2022-05-14,-0.4532,42.48
CUST-0385,Grace Owino,qfgdz@xiof.com,Meru,,2023-02-15,0.0467,37.649
CUST-0386,Hassan Gitau,ouwis@ndzz.com,Kisumu,,2022-03-16,-0.0917,34.7679
CUST-0387,Mary Otieno,yxioy@diws.net,Machakos,Silver,2023-03-28,-1.5177,37.2634
CUST-0388,Boniface Kariuki,wkkly@xyhu.com,Kisumu,Silver,2022-03-25,-0.0917,34.7679
CUST-0389,Newton Kamau,etpgo@ggrj.net,Nairobi,,2020-08-15,-1.2921,36.8219
CUST-0390,Karen Owino,mnpsj@wmdf.com,Eldoret,,2020-08-03,0.5143,35.2698
CUST-0391,Patrick Owino,tahkt@ztby.net,Thika,Silver,2022-08-05,-1.0332,37.0693
CUST-0392,Dennis Kariuki,wmilg@kbtj.com,Nairobi,Bronze,2020-01-15,-1.2921,36.8219
CUST-0393,Mary Kipchoge,ptpnw@unlv.com,Thika,Bronze,2023-03-26,-1.0332,37.0693
CUST-0394,Victor Kariuki,znkto@nqbh.co.ke,Nakuru,,2023-07-08,-0.3031,36.08
CUST-0395,Aisha Mutua,hvlkp@bndv.co.ke,Nakuru,Bronze,2023-03-26,-0.3031,36.08
CUST-0396,Esther Abubakar,scuys@dkle.co.ke,Mombasa,,2020-02-16,-4.0435,39.6682
CUST-0397,Brian Waweru,sflgr@xusd.com,Thika,,2020-11-19,-1.0332,37.0693
CUST-0398,Queen Gitau,ljnju@nyjj.net,Meru,Bronze,2022-04-23,0.0467,37.649
CUST-0399,Karen Mbugua,xordw@eski.net,Machakos,,2020-05-09,-1.5177,37.2634
CUST-0400,David Mbugua,lqddf@qglw.co.ke,Garissa,,2023-12-05,-0.4532,42.48
CUST-0401,Boniface Abubakar,awgpm@kcpg.co.ke,Kisumu,Silver,2020-04-04,-0.0917,34.7679
CUST-0402,David Ndungu,qovbd@qawr.net,Nakuru,,2021-09-18,-0.3031,36.08
CUST-0403,Dennis Abubakar,hxbke@rprp.net,Kisumu,Bronze,2022-01-24,-0.0917,34.7679
CUST-0404,Amina Owino,elpyc@hjjb.co.ke,Kisumu,,2023-08-08,-0.0917,34.7679
CUST-0405,Esther Kipchoge,ohdsh@nnsp.com,Machakos,Bronze,2022-03-04,-1.5177,37.2634
CUST-0406,Boniface Mutua,sqzmr@yzhp.com,Nairobi,,2023-07-30,-1.2921,36.8219
CUST-0407,Esther Odhiambo,nzjdo@nqme.co.ke,Kisumu,Bronze,2020-03-09,-0.0917,34.7679
CUST-0408,Patrick Kariuki,szaaq@dwuz.co.ke,Thika,Gold,2020-01-11,-1.0332,37.0693
CUST-0409,Irene Njoroge,ioqaf@huin.com,Machakos,,2023-07-01,-1.5177,37.2634
CUST-0410,Thomas Owino,arisq@aeii.net,Nakuru,Gold,2022-05-21,-0.3031,36.08
CUST-0411,Mary Mutua,xuqmq@xniu.co.ke,Eldoret,Bronze,2021-07-03,0.5143,35.2698
CUST-0412,Cynthia Mbugua,tvhsi@nfru.net,Kisumu,Gold,2023-03-03,-0.0917,34.7679
CUST-0413,Karen Mbugua,jzhaz@qvok.co.ke,Mombasa,Gold,2021-12-12,-4.0435,39.6682
CUST-0414,Victor Mbugua,wtsia@kmgl.net,Machakos,Bronze,2020-01-23,-1.5177,37.2634
CUST-0415,Raphael Kipchoge,fhcuu@xlam.co.ke,Nairobi,,2022-03-25,-1.2921,36.8219
CUST-0416,Karen Mutua,eytnu@dwvy.net,Nyeri,Bronze,2020-12-11,-0.4167,36.95
CUST-0417,Wanjiku Adhiambo,dslsn@ayrp.com,Nakuru,Silver,2020-10-28,-0.3031,36.08
CUST-0418,Yvonne Abubakar,mbnri@pixi.com,Nakuru,Bronze,2020-12-28,-0.3031,36.08
CUST-0419,Boniface Ndungu,hildd@haqn.com,Nyeri,,2021-01-30,-0.4167,36.95
CUST-0420,Brian Gitau,jidsh@gbpi.co.ke,Thika,,2020-08-05,-1.0332,37.0693
CUST-0421,Cynthia Otieno,dmrcb@lepp.net,Eldoret,,2020-05-20,0.5143,35.2698
CUST-0422,Ursula Mutua,sqivs@rnzt.co.ke,Nakuru,,2022-08-15,-0.3031,36.08
CUST-0423,Dennis Mwangi,dvxml@rsmg.com,Nakuru,Gold,2023-05-18,-0.3031,36.08
CUST-0424,Hassan Owino,wqxks@ruwl.com,Nairobi,Bronze,2022-09-11,-1.2921,36.8219
CUST-0425,Cynthia Kipchoge,mjlet@pdcv.net,Nakuru,Gold,2022-09-19,-0.3031,36.08
CUST-0426,David Kariuki,iqunk@kqoz.co.ke,Machakos,Bronze,2022-04-07,-1.5177,37.2634
CUST-0427,Ursula Owino,ivpul@uogr.com,Thika,Bronze,2021-11-13,-1.0332,37.0693
CUST-0428,Boniface Odhiambo,yompm@ovey.com,Eldoret,,2022-09-30,0.5143,35.2698
CUST-0429,Olivia Waweru,cvujm@rcvx.net,Mombasa,Bronze,2020-12-21,-4.0435,39.6682
CUST-0430,Wanjiku Mwangi,qaddn@kpfr.com,Eldoret,Silver,2022-10-04,0.5143,35.2698
CUST-0431,Caroline Kamau,oxhyl@zica.net,Thika,Silver,2023-09-09,-1.0332,37.0693
CUST-0432,Brian Njoroge,kdhjo@bsvj.net,Meru,,2023-03-02,0.0467,37.649
CUST-0433,Zack Kamau,wgski@jjor.co.ke,Machakos,,2022-06-06,-1.5177,37.2634
CUST-0434,James Njoroge,ejyve@zrdb.com,Meru,Silver,2020-05-06,0.0467,37.649
CUST-0435,Laban Kipchoge,smlzc@qklu.co.ke,Thika,Gold,2023-02-03,-1.0332,37.0693
CUST-0436,Esther Otieno,lenol@jepp.net,Nairobi,,2022-10-05,-1.2921,36.8219
CUST-0437,Queen Kipchoge,gnkoj@zosc.co.ke,Mombasa,Gold,2021-08-26,-4.0435,39.6682
CUST-0438,Susan Mutua,rdtzz@umcx.com,Eldoret,,2023-11-02,0.5143,35.2698
CUST-0439,Zack Waweru,mtycq@uibi.net,Kisumu,,2022-10-10,-0.0917,34.7679
CUST-0440,Felix Waweru,mnmtk@yuha.net,Garissa,Gold,2020-02-20,-0.4532,42.48
CUST-0441,Cynthia Gitau,tsobm@ebzv.co.ke,Eldoret,Gold,2022-11-18,0.5143,35.2698
CUST-0442,Boniface Kipchoge,hcnwh@dhwa.com,Nairobi,Silver,2023-08-12,-1.2921,36.8219
CUST-0443,Thomas Mutua,epdlv@gsmu.net,Mombasa,Bronze,2023-08-13,-4.0435,39.6682
CUST-0444,Hassan Abubakar,icdye@mzug.co.ke,Garissa,Bronze,2022-02-17,-0.4532,42.48
CUST-0445,Dennis Gitau,qftiq@tdek.com,Machakos,,2023-12-01,-1.5177,37.2634
CUST-0446,Esther Otieno,ttnjs@mdwa.net,Thika,,2022-03-24,-1.0332,37.0693
CUST-0447,Olivia Mutua,lrzrb@xqyl.net,Thika,Silver,2023-11-29,-1.0332,37.0693
CUST-0448,Irene Abubakar,wigcr@kutt.co.ke,Machakos,,2023-10-01,-1.5177,37.2634
CUST-0449,Irene Mutua,fireo@rvac.com,Garissa,Bronze,2021-02-23,-0.4532,42.48
CUST-0450,Amina Adhiambo,lfhfa@cyrv.net,Meru,Gold,2023-04-20,0.0467,37.649
CUST-0451,Zack Abubakar,qsdwd@rxoz.net,Mombasa,,2022-09-09,-4.0435,39.6682
CUST-0452,Caroline Mwangi,sgmyq@xhlx.net,Machakos,Bronze,2022-04-04,-1.5177,37.2634
CUST-0453,Victor Ndungu,iebuj@ibyg.co.ke,Garissa,Bronze,2022-10-21,-0.4532,42.48
CUST-0454,Felix Odhiambo,mypem@dtfq.net,Nakuru,,2021-07-20,-0.3031,36.08
CUST-0455,Olivia Njoroge,scbog@lxdq.net,Eldoret,Silver,2021-01-05,0.5143,35.2698
CUST-0456,Susan Mwangi,rgsxo@nyml.net,Nairobi,Bronze,2022-07-24,-1.2921,36.8219
CUST-0457,Ursula Kipchoge,uuoay@vmoy.co.ke,Machakos,Gold,2021-10-22,-1.5177,37.2634
CUST-0458,Wanjiku Mwangi,rkqyc@nycl.net,Nairobi,Bronze,2023-12-25,-1.2921,36.8219
CUST-0459,Olivia Mbugua,qebje@sxqj.com,Meru,Gold,2022-08-26,0.0467,37.649
CUST-0460,James Otieno,qtdfs@pmbo.com,Meru,Silver,2023-08-25,0.0467,37.649
CUST-0461,Mary Mbugua,nvlza@bubd.net,Nakuru,Silver,2023-03-06,-0.3031,36.08
CUST-0462,Patrick Odhiambo,rlrwd@pyad.co.ke,Thika,,2020-07-20,-1.0332,37.0693
CUST-0463,Hassan Kipchoge,mxbsd@ebhu.co.ke,Machakos,,2023-12-30,-1.5177,37.2634
CUST-0464,Susan Njoroge,epvcm@uful.net,Mombasa,Bronze,2020-11-08,-4.0435,39.6682
CUST-0465,Susan Mwangi,zrizo@dvut.co.ke,Thika,Gold,2020-04-26,-1.0332,37.0693
CUST-0466,Wanjiku Mwangi,iddks@olyb.com,Garissa,Bronze,2022-07-25,-0.4532,42.48
CUST-0467,Amina Mbugua,wpuam@aecq.net,Thika,Silver,2021-07-28,-1.0332,37.0693
CUST-0468,Victor Kipchoge,kuusf@qnky.co.ke,Mombasa,,2020-08-31,-4.0435,39.6682
CUST-0469,Irene Kamau,aemyq@ujag.com,Eldoret,Silver,2021-06-20,0.5143,35.2698
CUST-0470,Susan Mbugua,ncjto@furh.com,Meru,Gold,2020-03-15,0.0467,37.649
CUST-0471,Victor Kariuki,urzme@rbqh.co.ke,Eldoret,Gold,2021-01-20,0.5143,35.2698
CUST-0472,Xavier Kamau,iutbt@yeum.com,Machakos,Gold,2023-05-18,-1.5177,37.2634
CUST-0473,Dennis Gitau,xspif@riui.com,Thika,Gold,2021-04-19,-1.0332,37.0693
CUST-0474,Xavier Abubakar,twjfm@mxdy.co.ke,Machakos,,2021-02-21,-1.5177,37.2634
CUST-0475,Aisha Adhiambo,kdsqz@fdrb.com,Eldoret,Bronze,2020-12-12,0.5143,35.2698
CUST-0476,Caroline Mwangi,wleix@puqp.com,Meru,Silver,2021-10-01,0.0467,37.649
CUST-0477,Yvonne Kariuki,zwcwm@zpvh.net,Kisumu,Gold,2022-07-27,-0.0917,34.7679
CUST-0478,Hassan Gitau,tgipx@pdoa.net,Nakuru,Bronze,2022-08-12,-0.3031,36.08
CUST-0479,Zack Njoroge,bmtan@muvl.com,Machakos,Gold,2022-05-25,-1.5177,37.2634
CUST-0480,Hassan Mutua,oatyd@hqcm.com,Machakos,Bronze,2022-02-01,-1.5177,37.2634
CUST-0481,Grace Gitau,swtal@uwku.co.ke,Kisumu,,2023-04-17,-0.0917,34.7679
CUST-0482,Irene Mutua,mqwbx@ialh.net,Garissa,,2023-04-20,-0.4532,42.48
CUST-0483,Yvonne Owino,ouucw@tbyr.net,Garissa,Bronze,2021-10-25,-0.4532,42.48
CUST-0484,Yvonne Mutua,cjqje@obsf.net,Eldoret,,2020-01-25,0.5143,35.2698
CUST-0485,Victor Mbugua,gcmyp@yftf.co.ke,Machakos,Bronze,2023-04-18,-1.5177,37.2634
CUST-0486,Esther Mutua,grhbi@mnds.net,Meru,,2021-12-10,0.0467,37.649
CUST-0487,David Adhiambo,nhquy@vybx.co.ke,Nairobi,Gold,2023-03-30,-1.2921,36.8219
CUST-0488,Ursula Mutua,cxhyc@hsmw.co.ke,Eldoret,Silver,2020-06-25,0.5143,35.2698
CUST-0489,Brian Mwangi,qhzod@jlqh.com,Eldoret,Gold,2020-10-11,0.5143,35.2698
CUST-0490,Zack Abubakar,wgyqk@iqip.net,Nakuru,,2020-03-03,-0.3031,36.08
CUST-0491,Brian Gitau,vlhdu@egmz.net,Machakos,Bronze,2022-09-29,-1.5177,37.2634
CUST-0492,Laban Owino,bjley@shzv.net,Garissa,,2021-10-23,-0.4532,42.48
CUST-0493,Esther Odhiambo,rdgbi@dgeo.com,Garissa,Silver,2021-10-27,-0.4532,42.48
CUST-0494,Dennis Mwangi,iijoe@hxkm.com,Thika,Silver,2020-06-04,-1.0332,37.0693
CUST-0495,Karen Owino,liatz@ismh.net,Nyeri,Bronze,2022-12-08,-0.4167,36.95
CUST-0496,Newton Waweru,zodox@lrtx.com,Nyeri,Bronze,2022-08-24,-0.4167,36.95
CUST-0497,Grace Waweru,oikvl@cbqp.com,Nyeri,Bronze,2022-04-28,-0.4167,36.95
CUST-0498,Zack Ndungu,yhanl@rcnf.com,Nakuru,Gold,2023-01-12,-0.3031,36.08
CUST-0499,Caroline Njoroge,pyxjd@wjjh.co.ke,Meru,Gold,2023-10-16,0.0467,37.649
CUST-0500,Queen Ndungu,zwcsl@zuhu.net,Nyeri,Silver,2021-11-19,-0.4167,36.95
