CustomerID,CustomerName,Email,Phone,Town,LoyaltyTier,JoinDate
CUST-0001,Zack Adhiambo,xvgvm@utic.net,0762991234,Mombasa,Bronze,2021-05-16 00:00:00
CUST-0002,Zack Owino,dzwsz@zuju.com,0785196106,Nairobi,gold,2022-08-16 00:00:00
CUST-0003,Felix Mutua,nlrrp@vycg.com,0746287923,Eldoret,None,2023-03-14 00:00:00
CUST-0004,Cynthia Mwangi,woxfb@vxhk.com,0764870494,Nakuru,Bronze,2023-05-09 00:00:00
CUST-0005,queen mutua,yhmcx@dlrt.net,0773002447,Nakuru,Silver,2022-07-17 00:00:00
CUST-0006,Ursula Gitau,ktekc@mkya.co.ke,0746273014,Kisumu,Silver,2021-04-05 00:00:00
CUST-0007,Karen Odhiambo,lywcr@ozjk.com,0719597964,Mombasa,Gold,2022-01-01 00:00:00
CUST-0008,Aisha Kariuki,dwlrq@paug.com,0771589042,Meru,None,2022-01-21 00:00:00
CUST-0009,Hassan Mutua,obtff@widx.com,0725725204,Mombasa,None,2022-07-13 00:00:00
CUST-0010,James Otieno,wddge@raau.com,0750448183,Garissa,None,2022-06-27 00:00:00
CUST-0011,Zack Otieno,iebtn@tmun.com,0721928554,Machakos,Gold,2023-06-30 00:00:00
CUST-0012,Esther Kamau,nybuw@nlzb.co.ke,0751895202,Nairobi,gold,2021-01-24 00:00:00
CUST-0013,Brian Otieno,krmxb@cpbh.co.ke,0757652132,Nairobi,None,2022-06-01 00:00:00
CUST-0014,Patrick Gitau,oiznl@pcsw.co.ke,0738988816,Mombasa,Silver,2020-09-12 00:00:00
CUST-0015,Boniface Kariuki,tsflf@ilkc.co.ke,0711207545,Nakuru,Silver,2021-12-09 00:00:00
CUST-0016,cynthia abubakar,rjdxb@vcct.net,0779852401,Nakuru,Silver,2021-03-25 00:00:00
CUST-0017,Newton Adhiambo,opoid@jrtw.net,0723423216,Meru,Bronze,2020-01-10 00:00:00
CUST-0018,URSULA GITAU,zpjpf@rfcv.co.ke,0711076031,Garissa,Bronze,2022-04-03 00:00:00
CUST-0019,Grace Owino,touvz@vpqa.net,,Nairobi,Bronze,2022-03-08 00:00:00
CUST-0020,Wanjiku Kipchoge,vgesi@iawo.co.ke,0790714014,Meru,Silver,2023-06-19 00:00:00
CUST-0021,Patrick Kipchoge,dqatf@kijs.net,0711939325,Nakuru,None,2023-06-28 00:00:00
CUST-0022,Hassan Waweru,ocbeq@rhrm.co.ke,,Meru,Silver,2022-05-26 00:00:00
CUST-0023,Ursula Owino,htclh@rmrb.co.ke,0749552893,Machakos,Silver,2022-10-25 00:00:00
CUST-0024,Amina Adhiambo,pahfd@giat.com,0711908334,Nakuru,Bronze,2023-02-16 00:00:00
CUST-0025,Yvonne Mbugua,jsnvu@bwba.net,0780138759,Nyeri,Bronze,2022-10-12 00:00:00
CUST-0026,Yvonne Adhiambo,woosk@caiu.co.ke,0712566383,Garissa,None,2021-01-08 00:00:00
CUST-0027,David Kariuki,vxcvg@pnki.co.ke,0751718275,Eldoret,Silver,2022-12-24 00:00:00
CUST-0028,Newton Otieno,iencn@xjsv.net,0780157164,Nairobi,Bronze,2020-05-25 00:00:00
CUST-0029,Felix Kariuki,gdfpt@reum.net,0747386463,Kisumu,Bronze,2020-08-11 00:00:00
CUST-0030,Wanjiku Ndungu,tlyoq@qwqd.com,0775207167,Machakos,Gold,2023-06-16 00:00:00
CUST-0031,Olivia Kamau,lhhbn@ilbv.com,0711266912,Thika,None,2020-06-25 00:00:00
CUST-0032,Raphael Otieno,wwpnm@ouxl.net,,Eldoret,Silver,2022-05-02 00:00:00
CUST-0033,DENNIS MBUGUA,qimdb@cxis.co.ke,0753961367,Kisumu,Gold,2023-07-29 00:00:00
CUST-0034,David Abubakar,eglln@ejhk.co.ke,0799465796,Nakuru,,2020-03-03 00:00:00
CUST-0035,Esther Kariuki,puqbc@rhsr.net,0784271147,Thika,gold,2023-05-25 00:00:00
CUST-0036,Olivia Mutua,wipdj@zskp.net,0720101702,Mombasa,None,2022-04-06 00:00:00
CUST-0037,Queen Ndungu,ijuvr@vtrn.co.ke,0752499118,Mombasa,Bronze,2022-03-05 00:00:00
CUST-0038,thomas njoroge,ljjef@ymfd.com,0773477848,Machakos,Gold,2021-11-19 00:00:00
CUST-0039,Yvonne Adhiambo,vcuvw@aitd.co.ke,0788006167,Mombasa,None,2020-04-14 00:00:00
CUST-0040,Olivia Gitau,evuve@lkrg.co.ke,0767700284,Thika,Bronze,2023-01-27 00:00:00
CUST-0041,Aisha Owino,htlni@vmvj.net,0727624671,Thika,Silver,2021-05-25 00:00:00
CUST-0042,Caroline Ndungu,zmhjn@zvud.com,0778897782,Garissa,Bronze,2021-01-19 00:00:00
CUST-0043,Newton Mbugua,qwocv@whth.net,0764796954,Eldoret,Gold,2021-02-08 00:00:00
CUST-0044,Dennis Ndungu,dlyfl@jabn.com,0709025590,Nairobi,,2022-04-02 00:00:00
CUST-0045,Olivia Adhiambo,zjayv@qudh.net,0756165565,Nyeri,Silver,2021-06-01 00:00:00
CUST-0046,Felix Owino,sdsla@cgvo.net,,Meru,None,2021-04-20 00:00:00
CUST-0047,Boniface Abubakar,nchhb@kulc.net,0734911415,Mombasa,Bronze,2021-12-09 00:00:00
CUST-0048,Olivia Mwangi,pangd@lpgk.co.ke,0785076986,Machakos,Bronze,2022-02-09 00:00:00
CUST-0049,Yvonne Otieno,czbnn@zokm.co.ke,0779056965,Mombasa,Bronze,2023-12-31 00:00:00
CUST-0050,Aisha Mutua,zgaui@tqut.com,0771357852,Meru,Silver,2022-11-12 00:00:00
CUST-0051,Irene Kariuki,boveu@msqv.com,0756371834,Eldoret,gold,2022-09-23 00:00:00
CUST-0052,Yvonne Ndungu,ulhbf@bynz.co.ke,0749639191,Garissa,None,2021-11-07 00:00:00
CUST-0053,Patrick Mutua,gteju@widj.net,0741987635,Thika,,2021-12-14 00:00:00
CUST-0054,Hassan Mwangi,txkzm@mynu.net,0748468536,Garissa,None,2020-03-23 00:00:00
CUST-0055,Olivia Odhiambo,cpvoi@crhp.co.ke,0798782082,Nakuru,Bronze,2023-03-14 00:00:00
CUST-0056,WANJIKU MWANGI,rjbwj@zhzy.com,0737489690,Mombasa,,2023-01-13 00:00:00
CUST-0057,Hassan Mwangi,qjury@dpua.com,0757232466,Nairobi,Gold,2023-01-06 00:00:00
CUST-0058,Karen Njoroge,ujjop@ryjt.co.ke,0713644249,Nakuru,Silver,2021-04-01 00:00:00
CUST-0059,caroline ndungu,nkqgc@tmko.com,0731230347,Eldoret,Gold,2020-01-01 00:00:00
CUST-0060,Cynthia Waweru,glzhx@mdwl.net,0766032420,Mombasa,Bronze,2020-02-20 00:00:00
CUST-0061,Esther Otieno,lcrvi@jbox.net,0748207001,Nakuru,Bronze,2021-11-15 00:00:00
CUST-0062,Mary Owino,syqun@dfdu.com,0741651623,Mombasa,Silver,2021-12-17 00:00:00
CUST-0063,esther owino,ojuop@cizs.co.ke,0781898471,Machakos,None,2021-03-24 00:00:00
CUST-0064,Grace Odhiambo,tvbzq@lriw.net,0715596363,Eldoret,Bronze,2022-05-30 00:00:00
CUST-0065,Newton Kipchoge,qezlx@bdde.com,0723476490,Nyeri,Silver,2021-05-02 00:00:00
CUST-0066,Karen Ndungu,siyxv@gqod.com,0751586734,Thika,Bronze,2020-02-03 00:00:00
CUST-0067,Olivia Kipchoge,nneye@rspv.co.ke,0725754090,Kisumu,Silver,2023-10-03 00:00:00
CUST-0068,Brian Otieno,vabqo@qtkq.co.ke,0703486451,Thika,None,2020-04-04 00:00:00
CUST-0069,Aisha Kipchoge,qhymu@rhbb.co.ke,0737606441,Thika,Gold,2022-12-31 00:00:00
CUST-0070,Mary Adhiambo,mfpis@twzd.co.ke,0734327560,Nakuru,SILVER,2020-06-02 00:00:00
CUST-0071,Yvonne Gitau,oimgg@chjp.com,0717765612,Eldoret,None,2020-09-06 00:00:00
CUST-0072,Wanjiku Kamau,weipi@tmnm.com,0781569857,Mombasa,Silver,2021-11-04 00:00:00
CUST-0073,Boniface Adhiambo,aynzf@jbmw.co.ke,0702720634,Garissa,Gold,2021-03-13 00:00:00
CUST-0074,Yvonne Gitau,mnwlw@stjk.co.ke,0711238296,Kisumu,None,2020-04-27 00:00:00
CUST-0075,mary abubakar,fobnt@hzrd.net,0757724295,Meru,None,2022-02-09 00:00:00
CUST-0076,Amina Njoroge,kuiyt@fnnb.com,0731652669,Nakuru,None,2023-08-22 00:00:00
CUST-0077,James Kariuki,imlpn@ipez.net,0708931734,Kisumu,None,2020-09-24 00:00:00
CUST-0078,Mary Mbugua,hivns@hvjr.net,0720696942,Nyeri,Gold,2022-12-13 00:00:00
CUST-0079,Caroline Mbugua,pusra@mzuu.co.ke,,Machakos,Bronze,2020-08-23 00:00:00
CUST-0080,Newton Ndungu,speqq@vdra.net,0791086771,Eldoret,Silver,2021-01-23 00:00:00
CUST-0081,Xavier Owino,caidr@kuxw.net,0733447626,Meru,None,2022-09-16 00:00:00
CUST-0082,Raphael Kariuki,bdfir@niex.co.ke,0793436262,Nakuru,None,2022-02-01 00:00:00
CUST-0083,Thomas Adhiambo,jusqs@pego.com,,Thika,Bronze,2021-02-04 00:00:00
CUST-0084,Hassan Abubakar,zhhfs@ijyu.com,0739735971,Nairobi,Gold,2021-09-15 00:00:00
CUST-0085,Hassan Mwangi,drjzv@yuhh.net,,Nakuru,Bronze,2022-02-05 00:00:00
CUST-0086,NEWTON ABUBAKAR,jlgmf@oysd.co.ke,0756366941,Nairobi,Bronze,2023-08-19 00:00:00
CUST-0087,Amina Kipchoge,pgrnq@bksc.net,,Thika,None,2022-07-07 00:00:00
CUST-0088,Karen Mutua,aoyky@wmfz.com,,Machakos,None,2023-05-15 00:00:00
CUST-0089,Victor Kariuki,qxcon@syxe.net,0737599004,Eldoret,None,2023-06-06 00:00:00
CUST-0090,Mary Owino,exzkm@yzyw.com,0764652809,Mombasa,Bronze,2022-05-02 00:00:00
CUST-0091,Felix Mbugua,oczhz@omyw.co.ke,0728757215,Nakuru,Silver,2021-07-31 00:00:00
CUST-0092,Olivia Adhiambo,fcelg@etuo.net,0762415027,Garissa,None,2020-03-15 00:00:00
CUST-0093,esther gitau,ewxvn@cred.com,0745644948,Thika,None,2021-03-10 00:00:00
CUST-0094,Raphael Kamau,gggty@hsaq.net,0725728703,Nakuru,Bronze,2020-04-12 00:00:00
CUST-0095,Dennis Kipchoge,bdhkn@xsid.net,0732074276,Nyeri,None,2023-12-16 00:00:00
CUST-0096,susan gitau,hpfdd@tpko.co.ke,0770758777,Machakos,Bronze,2022-02-02 00:00:00
CUST-0097,Victor Kamau,nrfgt@wcls.com,0721513422,Nyeri,Bronze,2022-01-07 00:00:00
CUST-0098,Cynthia Mutua,obono@dind.com,0749939089,Kisumu,Bronze,2022-03-16 00:00:00
CUST-0099,Newton Waweru,pcnvl@nlbm.net,0713715041,Eldoret,Gold,2023-08-22 00:00:00
CUST-0100,Boniface Abubakar,skvtp@bibz.net,0791520177,Kisumu,Silver,2020-04-07 00:00:00
CUST-0101,Felix Kamau,byakt@tzqk.net,0749050975,Nakuru,Gold,2022-03-08 00:00:00
CUST-0102,Irene Kipchoge,jwxjr@roqj.com,0792304501,Meru,None,2023-09-20 00:00:00
CUST-0103,KAREN OTIENO,nnsfa@ahro.co.ke,0796164236,Meru,Bronze,2022-05-08 00:00:00
CUST-0104,Olivia Njoroge,vgjhy@scvk.net,,Eldoret,Bronze,2021-03-10 00:00:00
CUST-0105,Karen Kariuki,wafca@psbt.co.ke,0726642147,Garissa,,2021-03-22 00:00:00
CUST-0106,Caroline Kipchoge,gfwbn@hvti.co.ke,0749251583,Machakos,Silver,2023-08-24 00:00:00
CUST-0107,Irene Kariuki,rihdr@fhby.net,0767499616,Garissa,Bronze,2020-09-05 00:00:00
CUST-0108,Aisha Kipchoge,xqlmz@yrui.co.ke,0792661085,Machakos,None,2020-06-14 00:00:00
CUST-0109,Irene Mbugua,djtmw@hsux.co.ke,0732788147,Thika,Silver,2022-09-10 00:00:00
CUST-0110,Cynthia Abubakar,zodgf@qxwc.net,0774224386,Nakuru,Gold,2023-09-20 00:00:00
CUST-0111,amina owino,egrpw@etso.co.ke,0708108186,Kisumu,Silver,2022-10-16 00:00:00
CUST-0112,Raphael Kamau,wiyay@zdzm.com,0779454918,Meru,Silver,2021-06-25 00:00:00
CUST-0113,Laban Otieno,pfxou@jnjg.co.ke,,Nyeri,,2022-01-28 00:00:00
CUST-0114,Ursula Odhiambo,mczmv@xjko.com,0772260164,Mombasa,None,2023-02-03 00:00:00
CUST-0115,Yvonne Mutua,dgypk@dijv.co.ke,0777945232,Nairobi,None,2020-03-21 00:00:00
CUST-0116,Brian Kariuki,rrgvz@qmeu.com,,Mombasa,None,2020-05-12 00:00:00
CUST-0117,Amina Otieno,smxoq@bawy.net,0741680061,Kisumu,None,2022-03-07 00:00:00
CUST-0118,Grace Mbugua,tkvgs@anjq.net,,Kisumu,Silver,2022-06-18 00:00:00
CUST-0119,Amina Gitau,qmmao@anhz.com,0776974995,Machakos,None,2020-05-17 00:00:00
CUST-0120,Esther Otieno,vruxc@cden.net,0764122031,Garissa,Bronze,2020-07-02 00:00:00
CUST-0121,Esther Abubakar,gkjko@zfrw.co.ke,0730372368,Mombasa,None,2023-11-25 00:00:00
CUST-0122,Victor Odhiambo,wtcjo@baem.co.ke,0747276012,Machakos,None,2023-09-15 00:00:00
CUST-0123,Susan Otieno,uowcn@bfwx.co.ke,0777707933,Machakos,Bronze,2022-02-23 00:00:00
CUST-0124,Olivia Owino,bbyxo@ayiy.co.ke,0760501667,Garissa,Silver,2022-09-10 00:00:00
CUST-0125,Irene Kariuki,tskce@gvkx.com,0798407678,Nyeri,Silver,2020-03-09 00:00:00
CUST-0126,laban waweru,tdzsn@zblv.co.ke,0797308069,Meru,Bronze,2021-06-29 00:00:00
CUST-0127,Thomas Gitau,tykua@hzmj.net,0714671795,Eldoret,None,2020-02-22 00:00:00
CUST-0128,Xavier Owino,lrrcq@usce.net,0760243757,Meru,None,2020-07-23 00:00:00
CUST-0129,David Kariuki,qtica@ijhd.com,0739597246,Nairobi,Gold,2020-05-05 00:00:00
CUST-0130,AISHA WAWERU,lokaj@cpik.com,0757293417,Mombasa,Bronze,2020-02-12 00:00:00
CUST-0131,James Odhiambo,kcxxz@oejd.com,0732971674,Meru,Bronze,2020-04-20 00:00:00
CUST-0132,Susan Kamau,mblkm@bggq.co.ke,0780054522,Eldoret,Silver,2022-01-30 00:00:00
CUST-0133,Dennis Mwangi,fchyi@quii.net,0780156193,Thika,Silver,2023-04-21 00:00:00
CUST-0134,Susan Mutua,wzdiy@fizz.com,0737455084,Mombasa,Bronze,2022-04-27 00:00:00
CUST-0135,Dennis Kipchoge,smogj@vkco.co.ke,0789107711,Eldoret,,2020-04-04 00:00:00
CUST-0136,Mary Owino,oroym@slhs.net,0791808121,Machakos,Bronze,2023-10-29 00:00:00
CUST-0137,Grace Odhiambo,ukmqg@rsub.net,0752478712,Kisumu,Bronze,2022-06-18 00:00:00
CUST-0138,Susan Owino,mknxr@oujx.co.ke,0752137603,Nyeri,None,2020-12-25 00:00:00
CUST-0139,Aisha Mutua,qctrj@qbzr.co.ke,0775482145,Nairobi,Bronze,2022-06-18 00:00:00
CUST-0140,Hassan Odhiambo,tzlag@nnpo.co.ke,0765328632,Eldoret,gold,2020-10-07 00:00:00
CUST-0141,Wanjiku Kariuki,kupni@ackz.com,0766785072,Meru,gold,2023-05-03 00:00:00
CUST-0142,James Mbugua,ydilf@mmls.com,0781155626,Kisumu,Silver,2023-05-03 00:00:00
CUST-0143,Victor Gitau,hvcwq@rezg.com,,Meru,Bronze,2021-10-28 00:00:00
CUST-0144,Zack Odhiambo,eoygk@eqla.co.ke,0729084668,Mombasa,Bronze,2020-04-02 00:00:00
CUST-0145,Zack Gitau,fpksf@tvbc.net,0755048926,Eldoret,Silver,2021-11-02 00:00:00
CUST-0146,Zack Kamau,eilgw@nqpp.co.ke,0738997563,Meru,Gold,2020-03-01 00:00:00
CUST-0147,Laban Ndungu,jvqvs@hpcd.com,0710856288,Garissa,None,2021-09-25 00:00:00
CUST-0148,Newton Mutua,hesnk@djeq.net,0718848520,Nakuru,Bronze,2022-12-10 00:00:00
CUST-0149,Laban Odhiambo,qzomd@ilbj.com,,Kisumu,Gold,2023-11-27 00:00:00
CUST-0150,Queen Mutua,dvznm@rkvm.com,0794346810,Thika,Silver,2022-10-25 00:00:00
CUST-0151,KAREN KAMAU,athhn@eltt.co.ke,0748510174,Kisumu,,2021-08-26 00:00:00
CUST-0152,Boniface Kipchoge,ccuvj@vbso.net,0707539989,Meru,Silver,2021-11-12 00:00:00
CUST-0153,Aisha Abubakar,cvthz@ljvl.net,0744926831,Meru,Silver,2021-06-17 00:00:00
CUST-0154,David Kipchoge,ugvpj@sqed.com,0793571266,Nairobi,Bronze,2023-11-29 00:00:00
CUST-0155,Laban Mutua,fbjho@ishg.net,,Garissa,SILVER,2022-04-17 00:00:00
CUST-0156,Caroline Mbugua,zrczu@xzwd.net,,Thika,Silver,2021-10-06 00:00:00
CUST-0157,Olivia Owino,gsvtr@mpgk.co.ke,0773715869,Nyeri,None,2020-08-20 00:00:00
CUST-0158,Esther Kipchoge,qwcnh@yjyi.com,0764976776,Nairobi,None,2021-06-07 00:00:00
CUST-0159,Felix Owino,uttlr@jbnf.co.ke,0728277288,Mombasa,Silver,2020-12-11 00:00:00
CUST-0160,Queen Mutua,fgvip@omir.com,0737702851,Thika,None,2022-12-05 00:00:00
CUST-0161,irene gitau,culdw@layf.net,0761159408,Eldoret,Bronze,2021-06-29 00:00:00
CUST-0162,Zack Adhiambo,dqeyh@rgjx.com,0754544702,Nakuru,None,2023-01-06 00:00:00
CUST-0163,Raphael Kariuki,khsgr@samd.com,0796044327,Nairobi,None,2023-01-01 00:00:00
CUST-0164,patrick abubakar,rasvz@kdbj.net,,Nakuru,Bronze,2022-03-04 00:00:00
CUST-0165,Newton Mbugua,ciwdu@tdzd.co.ke,0710679497,Garissa,Gold,2020-09-05 00:00:00
CUST-0166,xavier gitau,aqlsq@dkrw.com,0767922877,Mombasa,None,2020-02-16 00:00:00
CUST-0167,Irene Njoroge,ctpjz@idhc.co.ke,0725199663,Mombasa,Bronze,2023-02-18 00:00:00
CUST-0168,Boniface Otieno,ppurw@rhnn.net,0758074120,Nyeri,Silver,2020-08-01 00:00:00
CUST-0169,Aisha Adhiambo,hbxym@cmpn.net,0748181398,Mombasa,Gold,2020-08-26 00:00:00
CUST-0170,Cynthia Mwangi,zydwo@jrty.net,0709837801,Meru,Bronze,2022-12-15 00:00:00
CUST-0171,Caroline Abubakar,abgbb@unqn.co.ke,0782043397,Kisumu,None,2020-12-15 00:00:00
CUST-0172,Hassan Kariuki,scnqh@infv.co.ke,,Kisumu,Gold,2020-04-16 00:00:00
CUST-0173,Olivia Gitau,kqvrb@sswb.com,0756907056,Nyeri,Bronze,2022-04-10 00:00:00
CUST-0174,Thomas Mutua,llpit@tdss.com,0708564111,Meru,Silver,2020-02-17 00:00:00
CUST-0175,Mary Njoroge,ynuse@dugx.net,0742241246,Kisumu,None,2020-12-02 00:00:00
CUST-0176,Amina Abubakar,auhbs@oclj.co.ke,0709520046,Eldoret,Silver,2022-11-15 00:00:00
CUST-0177,Boniface Njoroge,ojgco@sfnb.net,,Meru,None,2022-03-14 00:00:00
CUST-0178,Felix Abubakar,gmjdy@woxt.co.ke,0754610339,Garissa,Bronze,2023-07-04 00:00:00
CUST-0179,Grace Njoroge,ikshc@jnxe.net,0778861405,Machakos,,2020-01-08 00:00:00
CUST-0180,Zack Mwangi,zybmh@vioa.com,0761706304,Nakuru,Silver,2021-09-16 00:00:00
CUST-0181,KAREN MWANGI,ohqmp@mufx.net,0791382496,Meru,Bronze,2023-06-30 00:00:00
CUST-0182,Caroline Gitau,gakgj@vwya.co.ke,0783258238,Nakuru,Silver,2021-12-19 00:00:00
CUST-0183,Wanjiku Adhiambo,wscng@mbzs.com,0787007942,Eldoret,,2020-10-29 00:00:00
CUST-0184,irene ndungu,xxnsj@zccd.net,,Machakos,None,2021-09-30 00:00:00
CUST-0185,Amina Ndungu,bolzg@gius.net,0774946539,Thika,Silver,2020-02-25 00:00:00
CUST-0186,Grace Odhiambo,ihbfu@peem.co.ke,0740289141,Nyeri,None,2021-12-26 00:00:00
CUST-0187,Hassan Owino,nzfig@derv.net,0712846398,Meru,None,2021-06-09 00:00:00
CUST-0188,Newton Abubakar,bvicg@jnrg.net,0755474355,Nyeri,Bronze,2021-04-18 00:00:00
CUST-0189,Raphael Kariuki,akltg@muda.net,0795020970,Mombasa,Bronze,2020-01-28 00:00:00
CUST-0190,Hassan Owino,zdvjq@qpgv.com,0726876811,Nakuru,Silver,2020-03-18 00:00:00
CUST-0191,patrick mutua,bxldx@vibl.com,0771569562,Nakuru,Gold,2023-05-24 00:00:00
CUST-0192,WANJIKU ABUBAKAR,ovkar@efeh.net,0701753703,Mombasa,None,2023-11-10 00:00:00
CUST-0193,Olivia Kariuki,aqghk@obhd.com,0745319433,Thika,,2020-12-30 00:00:00
CUST-0194,Amina Odhiambo,xnquu@zujo.co.ke,0750479303,Nairobi,None,2021-10-27 00:00:00
CUST-0195,James Otieno,xnkei@fxub.net,0761498728,Garissa,Bronze,2021-06-09 00:00:00
CUST-0196,Mary Owino,ntzzc@rgvx.com,0799921921,Meru,Bronze,2021-11-29 00:00:00
CUST-0197,HASSAN MWANGI,zfwuj@vvep.net,0793843089,Nakuru,None,2023-08-28 00:00:00
CUST-0198,Victor Gitau,sxasy@ooez.net,0787060566,Garissa,None,2022-06-01 00:00:00
CUST-0199,Laban Abubakar,mimcg@fnax.com,0787758030,Nakuru,None,2022-10-27 00:00:00
CUST-0200,Raphael Ndungu,dsxvi@apxu.net,0768750635,Nairobi,None,2022-10-23 00:00:00
CUST-0201,Laban Kipchoge,wyjyk@chde.net,,Mombasa,None,2022-07-07 00:00:00
CUST-0202,Xavier Ndungu,uyqez@syuf.co.ke,0703613325,Nairobi,Gold,2022-01-19 00:00:00
CUST-0203,Karen Njoroge,ehrds@yykz.net,0710760954,Nakuru,Silver,2020-12-28 00:00:00
CUST-0204,WANJIKU ABUBAKAR,apxzf@oydt.com,0773505831,Mombasa,None,2023-07-21 00:00:00
CUST-0205,Irene Mwangi,zexcs@qxlg.com,0797179110,Nairobi,None,2022-03-16 00:00:00
CUST-0206,Irene Otieno,bgcak@tzwm.co.ke,0765120704,Thika,Gold,2022-01-08 00:00:00
CUST-0207,David Owino,ocmwq@rebv.com,0761108046,Mombasa,Silver,2022-11-04 00:00:00
CUST-0208,Grace Njoroge,iybej@toxc.co.ke,0796399076,Meru,None,2023-04-30 00:00:00
CUST-0209,David Owino,pmaye@xecf.com,0769915078,Nakuru,Gold,2021-04-29 00:00:00
CUST-0210,RAPHAEL KARIUKI,sssgh@gbov.com,0731109193,Eldoret,Silver,2020-01-28 00:00:00
CUST-0211,Wanjiku Waweru,jlhrp@faeh.com,0728456797,Nyeri,Bronze,2021-12-14 00:00:00
CUST-0212,Grace Otieno,vikmr@coex.co.ke,0720024968,Nakuru,None,2022-11-28 00:00:00
CUST-0213,Xavier Abubakar,lgmfg@btrc.co.ke,0754982274,Meru,None,2023-07-20 00:00:00
CUST-0214,Irene Owino,ozpov@vknw.co.ke,0745089203,Kisumu,Silver,2023-06-08 00:00:00
CUST-0215,Susan Kariuki,wmcxs@nxur.co.ke,0780653331,Garissa,None,2020-03-26 00:00:00
CUST-0216,Queen Gitau,dtezz@vdlz.co.ke,0777959959,Garissa,Silver,2020-05-05 00:00:00
CUST-0217,James Odhiambo,zqvgx@xbkk.com,0752170730,Nyeri,Bronze,2022-03-22 00:00:00
CUST-0218,Aisha Otieno,hlwuq@nkkd.co.ke,0737933756,Nakuru,None,2021-06-20 00:00:00
CUST-0219,James Otieno,tyyoc@hnik.co.ke,0720501508,Nyeri,None,2020-05-24 00:00:00
CUST-0220,laban waweru,mpahd@psbx.com,0747395003,Machakos,None,2023-05-20 00:00:00
CUST-0221,James Kamau,gtxxa@vhhm.net,0723425832,Nakuru,None,2020-01-25 00:00:00
CUST-0222,Wanjiku Ndungu,cwdzl@vhkq.com,0724102615,Mombasa,Bronze,2023-11-18 00:00:00
CUST-0223,Esther Mwangi,fvttw@vnei.co.ke,0747355289,Mombasa,Gold,2020-03-07 00:00:00
CUST-0224,Brian Kamau,dwwaf@vvgl.net,0711223386,Machakos,Bronze,2020-08-20 00:00:00
CUST-0225,Raphael Mwangi,shvnq@dajp.com,0759630993,Thika,Silver,2020-04-18 00:00:00
CUST-0226,Wanjiku Waweru,wpjex@trhk.com,0742530428,Machakos,Silver,2023-03-15 00:00:00
CUST-0227,Ursula Mbugua,ozwqr@gkau.net,0773179128,Machakos,gold,2020-04-20 00:00:00
CUST-0228,Yvonne Abubakar,axqpa@guhz.co.ke,0785787255,Nyeri,Bronze,2020-08-15 00:00:00
CUST-0229,David Mbugua,ljjgm@rvkc.co.ke,0777749690,Nairobi,None,2020-04-20 00:00:00
CUST-0230,Amina Gitau,rvjqp@hcbz.co.ke,0737363466,Mombasa,None,2020-02-03 00:00:00
CUST-0231,JAMES ABUBAKAR,wgsxh@dtxu.net,0754812147,Nairobi,None,2021-09-14 00:00:00
CUST-0232,Patrick Abubakar,prrsr@zgkk.com,0739078956,Machakos,Bronze,2023-10-24 00:00:00
CUST-0233,Karen Waweru,soesf@nuxr.co.ke,0766575460,Thika,Bronze,2022-01-17 00:00:00
CUST-0234,Brian Mwangi,vvwec@dgvt.com,0734151488,Mombasa,Bronze,2021-08-17 00:00:00
CUST-0235,Boniface Abubakar,ricjt@huig.com,0714311150,Nakuru,Silver,2021-02-28 00:00:00
CUST-0236,David Mbugua,wmwpy@bxnw.co.ke,0753544439,Nakuru,None,2021-09-04 00:00:00
CUST-0237,Cynthia Kipchoge,hbwdf@koxl.com,0784044566,Nakuru,Silver,2021-11-22 00:00:00
CUST-0238,Patrick Odhiambo,sumqe@qaht.com,0707826333,Meru,Gold,2023-07-29 00:00:00
CUST-0239,Susan Mutua,tmtcp@qkzj.com,0789877515,Nyeri,None,2023-09-05 00:00:00
CUST-0240,Victor Kamau,fjaiv@erqg.net,0766377805,Kisumu,Silver,2020-11-10 00:00:00
CUST-0241,Esther Waweru,idjpe@vhhs.co.ke,0724075536,Machakos,,2022-05-26 00:00:00
CUST-0242,Zack Gitau,ixzix@jeyx.co.ke,0768459090,Kisumu,gold,2023-11-01 00:00:00
CUST-0243,James Odhiambo,fsdtp@ejqa.net,0725999966,Eldoret,,2023-08-05 00:00:00
CUST-0244,Hassan Odhiambo,gnbzr@qark.co.ke,0761863715,Nyeri,Bronze,2023-12-31 00:00:00
CUST-0245,Raphael Kariuki,omdsq@hrrh.co.ke,0774121820,Nakuru,Gold,2021-10-23 00:00:00
CUST-0246,Newton Gitau,dvcsd@ccff.com,0797023164,Mombasa,,2020-10-03 00:00:00
CUST-0247,Thomas Kariuki,nfshb@mfyi.com,0748170580,Nyeri,Bronze,2021-09-15 00:00:00
CUST-0248,Thomas Otieno,rxvrd@cnsc.com,0766212867,Meru,gold,2021-05-30 00:00:00
CUST-0249,Yvonne Ndungu,gzhmc@ebhu.com,0763234672,Mombasa,gold,2023-10-05 00:00:00
CUST-0250,Mary Abubakar,tctbw@rejl.co.ke,0749387430,Nairobi,None,2022-04-22 00:00:00
CUST-0251,Dennis Abubakar,wcvek@zhkw.net,0771693859,Meru,Silver,2020-12-15 00:00:00
CUST-0252,James Mbugua,qucsb@yekp.net,0777901475,Nairobi,Bronze,2022-04-02 00:00:00
CUST-0253,Susan Kipchoge,rejja@rvzd.net,0746926329,Mombasa,None,2023-03-06 00:00:00
CUST-0254,James Gitau,ckbgi@srto.co.ke,0776291603,Nakuru,Bronze,2022-01-28 00:00:00
CUST-0255,Thomas Kamau,zrins@crgi.net,0724841376,Kisumu,Silver,2022-06-17 00:00:00
CUST-0256,Thomas Owino,kvozb@qeww.net,0781511856,Machakos,Bronze,2020-08-30 00:00:00
CUST-0257,David Kariuki,bmgzb@fqkg.co.ke,0743807017,Nyeri,,2021-06-26 00:00:00
CUST-0258,Grace Mutua,ulwld@mqck.co.ke,0763600412,Nyeri,None,2022-11-29 00:00:00
CUST-0259,Grace Mwangi,acpqh@nfry.co.ke,0777711837,Nakuru,Bronze,2020-08-16 00:00:00
CUST-0260,Victor Odhiambo,bfloq@mrsc.net,0742209124,Machakos,Gold,2021-07-01 00:00:00
CUST-0261,Felix Otieno,fivzh@nsbe.com,0762104275,Nairobi,None,2022-07-08 00:00:00
CUST-0262,FELIX NDUNGU,sscpe@yklu.net,0708370816,Kisumu,SILVER,2023-05-31 00:00:00
CUST-0263,Cynthia Waweru,ckyvp@ulry.com,0770900633,Machakos,Silver,2020-01-06 00:00:00
CUST-0264,Amina Kipchoge,mnbyv@mnxe.co.ke,0733106005,Nairobi,Bronze,2023-09-07 00:00:00
CUST-0265,Olivia Owino,sdkpw@nkzx.net,0713122068,Machakos,None,2021-04-12 00:00:00
CUST-0266,Thomas Abubakar,hzzld@ksth.net,0755839386,Eldoret,None,2020-03-15 00:00:00
CUST-0267,James Kamau,wsyqf@qhir.net,0713315520,Nyeri,None,2020-01-04 00:00:00
CUST-0268,Hassan Mwangi,qynsi@djmo.net,0750637314,Eldoret,None,2021-10-07 00:00:00
CUST-0269,Wanjiku Mwangi,ktvhw@vnad.net,0750136497,Machakos,Bronze,2020-04-27 00:00:00
CUST-0270,Wanjiku Mbugua,ftehg@vrht.com,0718924195,Meru,Silver,2022-05-30 00:00:00
CUST-0271,Olivia Odhiambo,vcwtw@togu.net,0762525715,Nyeri,None,2021-05-18 00:00:00
CUST-0272,VICTOR OTIENO,hryky@zioa.com,,Kisumu,None,2022-08-04 00:00:00
CUST-0273,Dennis Mwangi,quwvx@sqto.co.ke,0776838903,Nakuru,None,2021-07-27 00:00:00
CUST-0274,Zack Kariuki,uzher@eenj.co.ke,,Eldoret,,2020-07-12 00:00:00
CUST-0275,Ursula Gitau,odpgi@sedi.com,0714363910,Nakuru,Bronze,2022-04-26 00:00:00
CUST-0276,Victor Kariuki,yqrmo@juif.com,0774326303,Nairobi,Bronze,2021-12-15 00:00:00
CUST-0277,Dennis Otieno,bnknc@ffij.com,0797524508,Garissa,None,2023-11-16 00:00:00
CUST-0278,Newton Odhiambo,tnzvz@arlx.co.ke,0764035533,Meru,None,2022-11-15 00:00:00
CUST-0279,Raphael Otieno,qyrix@ykoh.net,0733968527,Nairobi,None,2023-12-29 00:00:00
CUST-0280,Ursula Waweru,vjulb@xfny.com,0717130232,Thika,None,2020-06-21 00:00:00
CUST-0281,Dennis Mwangi,ynabr@uwlc.co.ke,,Nairobi,None,2023-08-16 00:00:00
CUST-0282,Aisha Waweru,szuqy@tdli.com,0733816742,Nairobi,Bronze,2020-11-21 00:00:00
CUST-0283,Cynthia Kamau,buoof@gkql.com,0736293449,Garissa,Bronze,2023-12-04 00:00:00
CUST-0284,Felix Kariuki,rnqqt@psby.com,0734715662,Nyeri,Gold,2023-02-15 00:00:00
CUST-0285,James Gitau,uhctl@krmn.com,0768962706,Meru,Bronze,2022-04-15 00:00:00
CUST-0286,Xavier Mbugua,kuoyd@rxus.co.ke,0714982824,Meru,Gold,2021-12-24 00:00:00
CUST-0287,Susan Adhiambo,yooda@pnyh.net,0747468971,Kisumu,Bronze,2020-08-12 00:00:00
CUST-0288,James Abubakar,xikqn@efvf.com,0773230085,Nairobi,Bronze,2021-06-15 00:00:00
CUST-0289,David Abubakar,uwwyz@lohb.com,0766567491,Meru,Silver,2020-04-22 00:00:00
CUST-0290,Wanjiku Mwangi,smidr@cqxi.co.ke,0701692364,Mombasa,Bronze,2020-05-19 00:00:00
CUST-0291,WANJIKU KIPCHOGE,qhpoj@ilag.com,0758750663,Kisumu,Gold,2021-07-12 00:00:00
CUST-0292,Irene Ndungu,tlvdt@wmjh.co.ke,0705024972,Mombasa,Gold,2020-01-01 00:00:00
CUST-0293,Raphael Abubakar,epvwd@ogxb.com,0799201166,Garissa,None,2020-03-30 00:00:00
CUST-0294,Olivia Odhiambo,anapk@pxoo.net,0718362644,Mombasa,Bronze,2021-10-15 00:00:00
CUST-0295,Thomas Kamau,mujfu@thmn.co.ke,0786946119,Nakuru,Silver,2020-11-15 00:00:00
CUST-0296,Caroline Kipchoge,nrwup@enle.net,0752436402,Machakos,Bronze,2020-05-18 00:00:00
CUST-0297,Xavier Njoroge,rztmj@fmbj.com,0701168646,Mombasa,None,2022-04-24 00:00:00
CUST-0298,Thomas Mwangi,fxjml@bzis.co.ke,0752237281,Garissa,Silver,2020-09-15 00:00:00
CUST-0299,Amina Odhiambo,vvgoe@qjqv.co.ke,0732302346,Nakuru,None,2022-06-20 00:00:00
CUST-0300,Hassan Mutua,jxnjw@mmpn.com,0791214161,Garissa,Gold,2021-11-20 00:00:00
CUST-0301,AISHA MBUGUA,ecqfe@jsdf.net,0750937710,Garissa,Gold,2020-01-10 00:00:00
CUST-0302,Susan Gitau,smmfe@vabo.com,,Nairobi,Bronze,2020-09-17 00:00:00
CUST-0303,Amina Kariuki,qbobg@eypo.com,0709013806,Garissa,Bronze,2020-06-20 00:00:00
CUST-0304,Victor Mbugua,srhcl@zwev.co.ke,0747759655,Mombasa,None,2022-06-16 00:00:00
CUST-0305,Irene Gitau,uverg@silp.com,0755356690,Machakos,None,2020-01-13 00:00:00
CUST-0306,Brian Kariuki,kcfwn@kdcm.co.ke,0751076209,Garissa,gold,2023-04-06 00:00:00
CUST-0307,Yvonne Waweru,bundm@dpvx.net,0784357978,Garissa,Bronze,2020-11-16 00:00:00
CUST-0308,Patrick Ndungu,qnjbn@fuuj.co.ke,0730505057,Meru,Bronze,2023-09-04 00:00:00
CUST-0309,Ursula Abubakar,ttscd@mgwh.net,0776915671,Thika,None,2020-11-24 00:00:00
CUST-0310,DENNIS MWANGI,kesup@darr.com,0749328980,Eldoret,Silver,2022-02-23 00:00:00
CUST-0311,FELIX GITAU,jeqgw@ljhr.net,0714872717,Nakuru,Bronze,2022-02-15 00:00:00
CUST-0312,Newton Mutua,kumjo@ghis.net,0733321160,Thika,Gold,2022-06-29 00:00:00
CUST-0313,Aisha Abubakar,wrtls@efki.co.ke,0756434712,Nakuru,Gold,2023-12-13 00:00:00
CUST-0314,Cynthia Abubakar,sseza@cdyl.com,0771539915,Eldoret,gold,2023-01-23 00:00:00
CUST-0315,Laban Kipchoge,fcajz@pnsp.net,0768633414,Machakos,None,2020-11-13 00:00:00
CUST-0316,Karen Njoroge,vqlfr@uhap.co.ke,,Kisumu,None,2020-08-23 00:00:00
CUST-0317,Victor Odhiambo,geaga@ezuj.co.ke,,Eldoret,Bronze,2020-11-29 00:00:00
CUST-0318,Boniface Waweru,pntbc@hvxj.net,0731952569,Nyeri,Silver,2021-01-10 00:00:00
CUST-0319,Karen Kipchoge,hpfyo@gkcb.com,0740983665,Thika,Silver,2023-03-06 00:00:00
CUST-0320,Wanjiku Abubakar,yuywv@oszo.net,0728993160,Mombasa,Silver,2021-08-10 00:00:00
CUST-0321,James Mutua,tyllp@adbq.net,0775243772,Nairobi,Bronze,2021-05-27 00:00:00
CUST-0322,Mary Mbugua,rfiyn@avgc.net,0720954814,Nyeri,None,2023-08-12 00:00:00
CUST-0323,Yvonne Ndungu,vbymj@xgyr.net,0797374605,Garissa,None,2023-09-05 00:00:00
CUST-0324,BRIAN ABUBAKAR,mftwf@fgqe.com,0733027642,Garissa,Silver,2022-07-06 00:00:00
CUST-0325,Cynthia Njoroge,xrrpt@obmq.co.ke,0786567566,Mombasa,gold,2023-10-04 00:00:00
CUST-0326,Irene Njoroge,zxwmz@xhfo.com,,Mombasa,None,2022-05-22 00:00:00
CUST-0327,David Kariuki,umonk@rezs.co.ke,0743861259,Meru,Bronze,2023-06-06 00:00:00
CUST-0328,Mary Mbugua,rafpi@pgog.co.ke,0704729277,Nakuru,None,2020-09-26 00:00:00
CUST-0329,Queen Mbugua,pjmfs@jwhe.com,0723330591,Meru,Bronze,2022-03-08 00:00:00
CUST-0330,Amina Mutua,ofchg@ljdy.com,0726620157,Eldoret,Silver,2023-08-07 00:00:00
CUST-0331,BONIFACE NDUNGU,uemzw@nsuh.co.ke,0701859626,Kisumu,Bronze,2021-12-25 00:00:00
CUST-0332,Olivia Kipchoge,okrbv@mqli.co.ke,0713674926,Thika,None,2023-04-03 00:00:00
CUST-0333,Brian Otieno,oygad@wzfo.co.ke,0717647501,Mombasa,Gold,2020-01-05 00:00:00
CUST-0334,Queen Njoroge,eujrm@txjh.co.ke,0717830999,Nakuru,Silver,2022-04-30 00:00:00
CUST-0335,Thomas Kariuki,deviq@owbe.com,0719267649,Thika,Gold,2023-11-03 00:00:00
CUST-0336,Patrick Mutua,ihgqh@lwjp.net,0751826068,Eldoret,Gold,2020-03-18 00:00:00
CUST-0337,olivia kariuki,keasr@ysce.com,0787189813,Kisumu,None,2023-12-04 00:00:00
CUST-0338,Brian Otieno,bwoak@tcge.co.ke,0712920875,Nyeri,None,2021-07-27 00:00:00
CUST-0339,Irene Ndungu,xighq@dvar.net,0729321840,Meru,Bronze,2020-05-11 00:00:00
CUST-0340,Esther Adhiambo,imzoh@lzse.co.ke,,Eldoret,Gold,2021-08-23 00:00:00
CUST-0341,James Abubakar,qqonq@ijou.co.ke,0745826034,Garissa,Bronze,2022-12-01 00:00:00
CUST-0342,Caroline Owino,jghav@wima.net,,Meru,Bronze,2020-03-29 00:00:00
CUST-0343,Patrick Odhiambo,ymalh@gajk.co.ke,0748729758,Nairobi,Silver,2021-02-05 00:00:00
CUST-0344,Amina Mutua,ketkj@gkgt.net,0759883103,Meru,Bronze,2020-10-22 00:00:00
CUST-0345,Thomas Kariuki,urhtv@kweh.co.ke,,Eldoret,Bronze,2023-08-11 00:00:00
CUST-0346,Hassan Owino,qhqea@bnec.com,0732983954,Mombasa,None,2021-09-07 00:00:00
CUST-0347,Felix Mwangi,ssgdm@iiuz.co.ke,0796184462,Kisumu,None,2022-03-10 00:00:00
CUST-0348,Raphael Kamau,uivyb@ubme.net,0714628314,Eldoret,Gold,2021-02-25 00:00:00
CUST-0349,Raphael Kipchoge,vvdtg@ulta.co.ke,0735989262,Mombasa,Bronze,2022-11-12 00:00:00
CUST-0350,Cynthia Otieno,unzmr@iiqb.net,0766093141,Mombasa,None,2021-07-28 00:00:00
CUST-0351,Aisha Adhiambo,ngqfx@wfcq.com,0786151554,Meru,Bronze,2020-05-22 00:00:00
CUST-0352,David Abubakar,ehdua@bump.co.ke,0734016361,Kisumu,None,2022-09-19 00:00:00
CUST-0353,David Mutua,cecqy@zqbq.net,0712849718,Eldoret,None,2021-10-26 00:00:00
CUST-0354,Aisha Waweru,udgzu@tulf.net,0794849102,Eldoret,Silver,2020-05-24 00:00:00
CUST-0355,Patrick Adhiambo,jdxml@hsee.co.ke,0762588967,Garissa,Gold,2023-06-02 00:00:00
CUST-0356,Wanjiku Mwangi,thvxo@behg.co.ke,0740822269,Nakuru,None,2022-10-03 00:00:00
CUST-0357,Queen Owino,aqjea@wugs.co.ke,0705396727,Thika,Gold,2021-05-17 00:00:00
CUST-0358,Irene Kipchoge,oknmo@piqc.co.ke,0778446834,Nakuru,Bronze,2022-03-31 00:00:00
CUST-0359,Aisha Abubakar,bvdwf@mcov.co.ke,0714651113,Eldoret,,2020-04-13 00:00:00
CUST-0360,Patrick Otieno,nsgjp@byfm.net,0729014870,Meru,Bronze,2022-11-28 00:00:00
CUST-0361,Olivia Ndungu,cuboy@kjsv.com,0768277881,Nyeri,Bronze,2020-07-16 00:00:00
CUST-0362,Esther Kipchoge,bbhyy@csne.co.ke,0793068538,Eldoret,None,2021-08-01 00:00:00
CUST-0363,Grace Adhiambo,gqetk@cqjl.co.ke,0709728321,Nairobi,Bronze,2021-01-25 00:00:00
CUST-0364,Thomas Ndungu,weeki@ezlj.com,0728506762,Mombasa,Bronze,2023-04-17 00:00:00
CUST-0365,Xavier Adhiambo,zijtl@spof.net,0715381447,Machakos,,2021-07-07 00:00:00
CUST-0366,Esther Mbugua,ygzlk@szpn.net,0730963480,Eldoret,Bronze,2022-11-04 00:00:00
CUST-0367,Cynthia Mwangi,hhfwa@vrho.co.ke,0797050975,Nairobi,gold,2023-08-05 00:00:00
CUST-0368,Yvonne Kariuki,yeajd@jpgv.com,0710526501,Nairobi,,2021-04-22 00:00:00
CUST-0369,Boniface Kipchoge,kxtsu@evro.net,0731882617,Thika,Silver,2023-06-08 00:00:00
CUST-0370,Karen Adhiambo,phtoc@bujv.co.ke,,Kisumu,Gold,2022-07-11 00:00:00
CUST-0371,Zack Ndungu,wwfqp@aujh.com,0743765456,Eldoret,Silver,2021-02-23 00:00:00
CUST-0372,Irene Mbugua,odnfb@tklp.co.ke,0784177225,Kisumu,Gold,2020-06-05 00:00:00
CUST-0373,Amina Mwangi,fhkdc@obkc.co.ke,0705313402,Nyeri,Gold,2021-07-03 00:00:00
CUST-0374,Xavier Mwangi,uddom@qfqt.com,0750237416,Meru,None,2023-01-25 00:00:00
CUST-0375,Aisha Gitau,buiyc@rlji.co.ke,0772568621,Machakos,Gold,2022-10-17 00:00:00
CUST-0376,Susan Mutua,ahzqz@ldbv.com,0702258030,Meru,Bronze,2022-09-23 00:00:00
CUST-0377,Patrick Mbugua,jtwcb@yywv.com,0756906744,Nairobi,None,2023-12-05 00:00:00
CUST-0378,Esther Abubakar,sclaf@nfng.co.ke,0763928234,Mombasa,Gold,2022-08-08 00:00:00
CUST-0379,Raphael Abubakar,sdsap@rbeh.net,0743637189,Mombasa,None,2020-10-15 00:00:00
CUST-0380,Laban Njoroge,qbrak@hwrw.com,0792312604,Kisumu,Silver,2023-07-01 00:00:00
CUST-0381,Raphael Kariuki,wqgjz@ciwn.com,0726093106,Meru,Silver,2020-07-14 00:00:00
CUST-0382,Raphael Kipchoge,nlyag@nike.co.ke,0743356708,Nairobi,None,2021-08-20 00:00:00
CUST-0383,Olivia Adhiambo,jqgzn@vqwx.net,0704145456,Thika,None,2021-05-31 00:00:00
CUST-0384,Karen Mbugua,aohdx@rcjy.co.ke,0702000534,Garissa,None,2022-05-14 00:00:00
CUST-0385,Grace Owino,qfgdz@xiof.com,0791624755,Meru,None,2023-02-15 00:00:00
CUST-0386,Hassan Gitau,ouwis@ndzz.com,0710825559,Kisumu,None,2022-03-16 00:00:00
CUST-0387,Mary Otieno,yxioy@diws.net,0753439611,Machakos,Silver,2023-03-28 00:00:00
CUST-0388,Boniface Kariuki,wkkly@xyhu.com,0791093371,Kisumu,Silver,2022-03-25 00:00:00
CUST-0389,Newton Kamau,etpgo@ggrj.net,,Nairobi,None,2020-08-15 00:00:00
CUST-0390,Karen Owino,mnpsj@wmdf.com,0754738202,Eldoret,None,2020-08-03 00:00:00
CUST-0391,Patrick Owino,tahkt@ztby.net,0784855716,Thika,SILVER,2022-08-05 00:00:00
CUST-0392,Dennis Kariuki,wmilg@kbtj.com,,Nairobi,Bronze,2020-01-15 00:00:00
CUST-0393,Mary Kipchoge,ptpnw@unlv.com,0780294240,Thika,Bronze,2023-03-26 00:00:00
CUST-0394,Victor Kariuki,znkto@nqbh.co.ke,0703678812,Nakuru,None,2023-07-08 00:00:00
CUST-0395,Aisha Mutua,hvlkp@bndv.co.ke,0786866943,Nakuru,Bronze,2023-03-26 00:00:00
CUST-0396,Esther Abubakar,scuys@dkle.co.ke,0729390878,Mombasa,,2020-02-16 00:00:00
CUST-0397,Brian Waweru,sflgr@xusd.com,0784434481,Thika,None,2020-11-19 00:00:00
CUST-0398,Queen Gitau,ljnju@nyjj.net,0708340242,Meru,Bronze,2022-04-23 00:00:00
CUST-0399,Karen Mbugua,xordw@eski.net,0703381059,Machakos,None,2020-05-09 00:00:00
CUST-0400,david mbugua,lqddf@qglw.co.ke,0751842694,Garissa,None,2023-12-05 00:00:00
CUST-0401,Boniface Abubakar,awgpm@kcpg.co.ke,0700534240,Kisumu,Silver,2020-04-04 00:00:00
CUST-0402,David Ndungu,qovbd@qawr.net,0791649837,Nakuru,,2021-09-18 00:00:00
CUST-0403,Dennis Abubakar,hxbke@rprp.net,0743962736,Kisumu,Bronze,2022-01-24 00:00:00
CUST-0404,Amina Owino,elpyc@hjjb.co.ke,0771727223,Kisumu,None,2023-08-08 00:00:00
CUST-0405,esther kipchoge,ohdsh@nnsp.com,0724042269,Machakos,Bronze,2022-03-04 00:00:00
CUST-0406,Boniface Mutua,sqzmr@yzhp.com,0721637618,Nairobi,None,2023-07-30 00:00:00
CUST-0407,Esther Odhiambo,nzjdo@nqme.co.ke,0709166010,Kisumu,Bronze,2020-03-09 00:00:00
CUST-0408,Patrick Kariuki,szaaq@dwuz.co.ke,0702314290,Thika,Gold,2020-01-11 00:00:00
CUST-0409,Irene Njoroge,ioqaf@huin.com,0701851327,Machakos,,2023-07-01 00:00:00
CUST-0410,Thomas Owino,arisq@aeii.net,0772457230,Nakuru,Gold,2022-05-21 00:00:00
CUST-0411,Mary Mutua,xuqmq@xniu.co.ke,0748100184,Eldoret,Bronze,2021-07-03 00:00:00
CUST-0412,Cynthia Mbugua,tvhsi@nfru.net,0762030366,Kisumu,gold,2023-03-03 00:00:00
CUST-0413,Karen Mbugua,jzhaz@qvok.co.ke,0743617213,Mombasa,gold,2021-12-12 00:00:00
CUST-0414,Victor Mbugua,wtsia@kmgl.net,0745195151,Machakos,Bronze,2020-01-23 00:00:00
CUST-0415,raphael kipchoge,fhcuu@xlam.co.ke,0792268592,Nairobi,None,2022-03-25 00:00:00
CUST-0416,Karen Mutua,eytnu@dwvy.net,0724945147,Nyeri,Bronze,2020-12-11 00:00:00
CUST-0417,Wanjiku Adhiambo,dslsn@ayrp.com,0741022526,Nakuru,Silver,2020-10-28 00:00:00
CUST-0418,Yvonne Abubakar,mbnri@pixi.com,0771196421,Nakuru,Bronze,2020-12-28 00:00:00
CUST-0419,Boniface Ndungu,hildd@haqn.com,0722655767,Nyeri,None,2021-01-30 00:00:00
CUST-0420,BRIAN GITAU,jidsh@gbpi.co.ke,0769523668,Thika,None,2020-08-05 00:00:00
CUST-0421,Cynthia Otieno,dmrcb@lepp.net,0787883619,Eldoret,None,2020-05-20 00:00:00
CUST-0422,Ursula Mutua,sqivs@rnzt.co.ke,0789313503,Nakuru,None,2022-08-15 00:00:00
CUST-0423,Dennis Mwangi,dvxml@rsmg.com,0705872105,Nakuru,Gold,2023-05-18 00:00:00
CUST-0424,HASSAN OWINO,wqxks@ruwl.com,0724728633,Nairobi,Bronze,2022-09-11 00:00:00
CUST-0425,Cynthia Kipchoge,mjlet@pdcv.net,0702126065,Nakuru,Gold,2022-09-19 00:00:00
CUST-0426,David Kariuki,iqunk@kqoz.co.ke,,Machakos,Bronze,2022-04-07 00:00:00
CUST-0427,Ursula Owino,ivpul@uogr.com,0791792025,Thika,Bronze,2021-11-13 00:00:00
CUST-0428,Boniface Odhiambo,yompm@ovey.com,0731096227,Eldoret,None,2022-09-30 00:00:00
CUST-0429,Olivia Waweru,cvujm@rcvx.net,0784765704,Mombasa,Bronze,2020-12-21 00:00:00
CUST-0430,Wanjiku Mwangi,qaddn@kpfr.com,0700928206,Eldoret,Silver,2022-10-04 00:00:00
CUST-0431,Caroline Kamau,oxhyl@zica.net,0778498436,Thika,Silver,2023-09-09 00:00:00
CUST-0432,Brian Njoroge,kdhjo@bsvj.net,0741862369,Meru,None,2023-03-02 00:00:00
CUST-0433,Zack Kamau,wgski@jjor.co.ke,,Machakos,None,2022-06-06 00:00:00
CUST-0434,James Njoroge,ejyve@zrdb.com,0789177566,Meru,Silver,2020-05-06 00:00:00
CUST-0435,Laban Kipchoge,smlzc@qklu.co.ke,0756341115,Thika,Gold,2023-02-03 00:00:00
CUST-0436,Esther Otieno,lenol@jepp.net,0750342811,Nairobi,None,2022-10-05 00:00:00
CUST-0437,Queen Kipchoge,gnkoj@zosc.co.ke,0704383034,Mombasa,Gold,2021-08-26 00:00:00
CUST-0438,Susan Mutua,rdtzz@umcx.com,,Eldoret,None,2023-11-02 00:00:00
CUST-0439,Zack Waweru,mtycq@uibi.net,0709700514,Kisumu,None,2022-10-10 00:00:00
CUST-0440,Felix Waweru,mnmtk@yuha.net,,Garissa,Gold,2020-02-20 00:00:00
CUST-0441,Cynthia Gitau,tsobm@ebzv.co.ke,0746835652,Eldoret,Gold,2022-11-18 00:00:00
CUST-0442,Boniface Kipchoge,hcnwh@dhwa.com,0715681820,Nairobi,SILVER,2023-08-12 00:00:00
CUST-0443,Thomas Mutua,epdlv@gsmu.net,0767904227,Mombasa,Bronze,2023-08-13 00:00:00
CUST-0444,Hassan Abubakar,icdye@mzug.co.ke,,Garissa,Bronze,2022-02-17 00:00:00
CUST-0445,Dennis Gitau,qftiq@tdek.com,0733228898,Machakos,None,2023-12-01 00:00:00
CUST-0446,Esther Otieno,ttnjs@mdwa.net,0757254596,Thika,,2022-03-24 00:00:00
CUST-0447,Olivia Mutua,lrzrb@xqyl.net,,Thika,SILVER,2023-11-29 00:00:00
CUST-0448,Irene Abubakar,wigcr@kutt.co.ke,0763399129,Machakos,None,2023-10-01 00:00:00
CUST-0449,Irene Mutua,fireo@rvac.com,0771024817,Garissa,Bronze,2021-02-23 00:00:00
CUST-0450,AMINA ADHIAMBO,lfhfa@cyrv.net,,Meru,Gold,2023-04-20 00:00:00
CUST-0451,Zack Abubakar,qsdwd@rxoz.net,0742149551,Mombasa,None,2022-09-09 00:00:00
CUST-0452,Caroline Mwangi,sgmyq@xhlx.net,,Machakos,Bronze,2022-04-04 00:00:00
CUST-0453,Victor Ndungu,iebuj@ibyg.co.ke,0774747219,Garissa,Bronze,2022-10-21 00:00:00
CUST-0454,Felix Odhiambo,mypem@dtfq.net,0754669275,Nakuru,,2021-07-20 00:00:00
CUST-0455,Olivia Njoroge,scbog@lxdq.net,0795516874,Eldoret,Silver,2021-01-05 00:00:00
CUST-0456,SUSAN MWANGI,rgsxo@nyml.net,0709038021,Nairobi,Bronze,2022-07-24 00:00:00
CUST-0457,Ursula Kipchoge,uuoay@vmoy.co.ke,0729613671,Machakos,Gold,2021-10-22 00:00:00
CUST-0458,Wanjiku Mwangi,rkqyc@nycl.net,0778711216,Nairobi,Bronze,2023-12-25 00:00:00
CUST-0459,Olivia Mbugua,qebje@sxqj.com,0736515597,Meru,Gold,2022-08-26 00:00:00
CUST-0460,JAMES OTIENO,qtdfs@pmbo.com,0771470827,Meru,Silver,2023-08-25 00:00:00
CUST-0461,Mary Mbugua,nvlza@bubd.net,0735909605,Nakuru,Silver,2023-03-06 00:00:00
CUST-0462,Patrick Odhiambo,rlrwd@pyad.co.ke,0773030644,Thika,None,2020-07-20 00:00:00
CUST-0463,Hassan Kipchoge,mxbsd@ebhu.co.ke,0712146147,Machakos,None,2023-12-30 00:00:00
CUST-0464,Susan Njoroge,epvcm@uful.net,0783420165,Mombasa,Bronze,2020-11-08 00:00:00
CUST-0465,Susan Mwangi,zrizo@dvut.co.ke,0742356778,Thika,gold,2020-04-26 00:00:00
CUST-0466,Wanjiku Mwangi,iddks@olyb.com,0726596089,Garissa,Bronze,2022-07-25 00:00:00
CUST-0467,Amina Mbugua,wpuam@aecq.net,0799255027,Thika,Silver,2021-07-28 00:00:00
CUST-0468,Victor Kipchoge,kuusf@qnky.co.ke,0775164807,Mombasa,None,2020-08-31 00:00:00
CUST-0469,Irene Kamau,aemyq@ujag.com,0727910336,Eldoret,Silver,2021-06-20 00:00:00
CUST-0470,Susan Mbugua,ncjto@furh.com,0729635339,Meru,gold,2020-03-15 00:00:00
CUST-0471,Victor Kariuki,urzme@rbqh.co.ke,0755044817,Eldoret,Gold,2021-01-20 00:00:00
CUST-0472,Xavier Kamau,iutbt@yeum.com,0776655868,Machakos,gold,2023-05-18 00:00:00
CUST-0473,Dennis Gitau,xspif@riui.com,0751276528,Thika,Gold,2021-04-19 00:00:00
CUST-0474,Xavier Abubakar,twjfm@mxdy.co.ke,0786646491,Machakos,None,2021-02-21 00:00:00
CUST-0475,Aisha Adhiambo,kdsqz@fdrb.com,0711096179,Eldoret,Bronze,2020-12-12 00:00:00
CUST-0476,Caroline Mwangi,wleix@puqp.com,0717890463,Meru,SILVER,2021-10-01 00:00:00
CUST-0477,Yvonne Kariuki,zwcwm@zpvh.net,0778613715,Kisumu,Gold,2022-07-27 00:00:00
CUST-0478,Hassan Gitau,tgipx@pdoa.net,0776605384,Nakuru,Bronze,2022-08-12 00:00:00
CUST-0479,Zack Njoroge,bmtan@muvl.com,0744630600,Machakos,gold,2022-05-25 00:00:00
CUST-0480,Hassan Mutua,oatyd@hqcm.com,,Machakos,Bronze,2022-02-01 00:00:00
CUST-0481,Grace Gitau,swtal@uwku.co.ke,0789552963,Kisumu,None,2023-04-17 00:00:00
CUST-0482,Irene Mutua,mqwbx@ialh.net,0763960962,Garissa,None,2023-04-20 00:00:00
CUST-0483,Yvonne Owino,ouucw@tbyr.net,0762658263,Garissa,Bronze,2021-10-25 00:00:00
CUST-0484,Yvonne Mutua,cjqje@obsf.net,,Eldoret,None,2020-01-25 00:00:00
CUST-0485,Victor Mbugua,gcmyp@yftf.co.ke,0781964825,Machakos,Bronze,2023-04-18 00:00:00
CUST-0486,Esther Mutua,grhbi@mnds.net,0710609209,Meru,,2021-12-10 00:00:00
CUST-0487,DAVID ADHIAMBO,nhquy@vybx.co.ke,0719602752,Nairobi,Gold,2023-03-30 00:00:00
CUST-0488,Ursula Mutua,cxhyc@hsmw.co.ke,0734383640,Eldoret,Silver,2020-06-25 00:00:00
CUST-0489,Brian Mwangi,qhzod@jlqh.com,0720911791,Eldoret,gold,2020-10-11 00:00:00
CUST-0490,Zack Abubakar,wgyqk@iqip.net,0744211753,Nakuru,None,2020-03-03 00:00:00
CUST-0491,BRIAN GITAU,vlhdu@egmz.net,0770617136,Machakos,Bronze,2022-09-29 00:00:00
CUST-0492,Laban Owino,bjley@shzv.net,0757224029,Garissa,None,2021-10-23 00:00:00
CUST-0493,Esther Odhiambo,rdgbi@dgeo.com,0701557998,Garissa,Silver,2021-10-27 00:00:00
CUST-0494,Dennis Mwangi,iijoe@hxkm.com,,Thika,Silver,2020-06-04 00:00:00
CUST-0495,KAREN OWINO,liatz@ismh.net,0741390808,Nyeri,Bronze,2022-12-08 00:00:00
CUST-0496,Newton Waweru,zodox@lrtx.com,0723513052,Nyeri,Bronze,2022-08-24 00:00:00
CUST-0497,Grace Waweru,oikvl@cbqp.com,0724473158,Nyeri,Bronze,2022-04-28 00:00:00
CUST-0498,Zack Ndungu,yhanl@rcnf.com,0777686342,Nakuru,Gold,2023-01-12 00:00:00
CUST-0499,Caroline Njoroge,pyxjd@wjjh.co.ke,0746199423,Meru,gold,2023-10-16 00:00:00
CUST-0500,Queen Ndungu,zwcsl@zuhu.net,0776769459,Nyeri,SILVER,2021-11-19 00:00:00
